Particulars,Frequency,Unit,3-1993,3-1994,3-1995,3-1996,3-1997,3-1998,3-1999,3-2000,3-2001,3-2002,3-2003,3-2004,3-2005,3-2006,3-2007,3-2008,3-2009,3-2010,3-2011,3-2012,3-2013,3-2014
Agricultural Production Foodgrains,"Annual, Ending mar Of Each Year",Ton mn,,,,,,,,,,,,,198.36282,208.6016,217.28212,230.77504,234.4661774,218.107372,244.4918091,259.2862533,257.13,264.3806
Agricultural Production Foodgrains Kharif,"Annual, Ending mar Of Each Year",Ton mn,,,,,,,,,,,,,103.30942,109.8734,110.57622,120.95724,118.1385774,103.954032,120.8531911,131.2748125,128.07,129.3686
Agricultural Production Foodgrains Rabi,"Annual, Ending mar Of Each Year",Ton mn,,,,,,,,,,,,,95.0534,98.7282,106.7059,109.8178,116.3276,114.15334,123.638618,128.0114408,129.06,135.012
Agricultural Production Foodgrains Rice,"Annual, Ending mar Of Each Year",Ton mn,,,,,,,,,,,,,83.1317,91.7934,93.3553,96.6929,99.1825,89.092901,95.97981924,105.3011,105.24,106.2872
Agricultural Production Foodgrains Rice Kharif,"Annual, Ending mar Of Each Year",Ton mn,,,,,,,,,,,,,72.23,78.2719,80.1708,82.6594,84.9082,75.91651,80.65124114,92.7807,92.37,92.0093
Agricultural Production Foodgrains Rice Rabi,"Annual, Ending mar Of Each Year",Ton mn,,,,,,,,,,,,,10.9017,13.5215,13.1845,14.0335,14.2743,13.176391,15.3285781,12.5204,12.87,14.2779
Agricultural Production Foodgrains Wheat Rabi,"Annual, Ending mar Of Each Year",Ton mn,,,,,,,,,,,,,68.6369,69.3545,75.8067,78.5702,80.6794,80.803558,86.873953,94.8820629,93.51,95.8492
Agricultural Production Foodgrains Jowar,"Annual, Ending mar Of Each Year",Ton mn,,,,,,,,,,,,,7.2443,7.6296,7.1508,7.9259,7.2456,6.698203,7.003147,5.979153,5.28,5.2467
Agricultural Production Foodgrains Jowar Kharif,"Annual, Ending mar Of Each Year",Ton mn,,,,,,,,,,,,,4.0444,4.0716,3.7068,4.1149,3.0519,2.763233,3.439147,3.293,2.84,2.2292
Agricultural Production Foodgrains Jowar Rabi,"Annual, Ending mar Of Each Year",Ton mn,,,,,,,,,,,,,3.1999,3.558,3.444,3.811,4.1937,3.93497,3.564,2.686153,2.44,3.0175
Agricultural Production Foodgrains Bajra Kharif,"Annual, Ending mar Of Each Year",Ton mn,,,,,,,,,,,,,7.9313,7.684,8.4237,9.9701,8.8871,6.506412,10.3699094,10.2760195,8.74,9.1855
Agricultural Production Foodgrains Maize,"Annual, Ending mar Of Each Year",Ton mn,,,,,,,,,,,,,14.172,14.7099,15.097,18.9554,19.7314,16.719467,21.725752,21.759372,22.26,24.1909
Agricultural Production Foodgrains Maize Kharif,"Annual, Ending mar Of Each Year",Ton mn,,,,,,,,,,,,,11.4764,12.1559,11.5563,15.1067,14.1205,12.293291,16.6373746,16.48628,16.19,17.5056
Agricultural Production Foodgrains Maize Rabi,"Annual, Ending mar Of Each Year",Ton mn,,,,,,,,,,,,,2.6956,2.554,3.5407,3.8487,5.6109,4.426176,5.0883774,5.273092,6.06,6.6853
Agricultural Production Foodgrains Ragi Kharif,"Annual, Ending mar Of Each Year",Ton mn,,,,,,,,,,,,,2.4324,2.3536,1.4436,2.1522,2.0399,1.888462,2.193451,1.929242,1.57,1.8775
Agricultural Production Foodgrains Small Millets Kharif,"Annual, Ending mar Of Each Year",Ton mn,,,,,,,,,,,,,0.47762,0.4716,0.4796,0.5507,0.4448,0.381922,0.441967,0.45153,0.44,0.4454
Agricultural Production Foodgrains Barley Rabi,"Annual, Ending mar Of Each Year",Ton mn,,,,,,,,,,,,,1.2071,1.2206,1.3279,1.1961,1.6891,1.354658,1.662865,1.61865,1.75,1.7303
Agricultural Production Foodgrains Coarse Cereals,"Annual, Ending mar Of Each Year",Ton mn,,,,,,,,,,,,,33.46472,34.0693,33.9226,40.7504,40.0379,33.549124,43.3970914,42.0139665,40.04,42.6763
Agricultural Production Foodgrains Coarse Cereals Kharif,"Annual, Ending mar Of Each Year",Ton mn,,,,,,,,,,,,,26.36212,26.7367,25.61,31.8946,28.5442,23.83332,33.081849,32.4360715,29.79,31.2432
Agricultural Production Foodgrains Coarse Cereals Rabi,"Annual, Ending mar Of Each Year",Ton mn,,,,,,,,,,,,,7.1026,7.3326,8.3126,8.8558,11.4937,9.715804,10.3152424,9.577895,10.25,11.4331
Agricultural Production Foodgrains Cereals,"Annual, Ending mar Of Each Year",Ton mn,,,,,,,,,,,,,185.23332,195.2172,203.0846,216.0135,219.8998,203.445583,226.2508636,242.1971294,238.79,244.8127
Agricultural Production Foodgrains Cereals Kharif,"Annual, Ending mar Of Each Year",Ton mn,,,,,,,,,,,,,98.59212,105.0086,105.7808,114.554,113.4524,99.74983,113.7330901,125.2167715,122.16,123.2525
Agricultural Production Foodgrains Cereals Rabi,"Annual, Ending mar Of Each Year",Ton mn,,,,,,,,,,,,,86.6412,90.2086,97.3038,101.4595,106.4474,103.695753,112.5177735,116.9803579,116.63,121.5602
Agricultural Production Foodgrains Tur Kharif,"Annual, Ending mar Of Each Year",Ton mn,,,,,,,,,,,,,2.3469,2.738,2.3141,3.07594,2.2655,2.464552,2.86112,2.654046,3.02,3.3822
Agricultural Production Foodgrains Other Kharif Pulses Kharif,"Annual, Ending mar Of Each Year",Ton mn,,,,,,,,,,,,,0.6118,0.5443,0.70402,0.9555,0.79763636,0.48519393,1.32841646,0.930795,0.62,0.6692
Agricultural Production Foodgrains Gram Rabi,"Annual, Ending mar Of Each Year",Ton mn,,,,,,,,,,,,,5.4694,5.5999,6.3337,5.7486,7.0602,7.475903,8.221091,7.702324,8.83,9.9253
Agricultural Production Foodgrains Other Kharif Pulses Rabi,"Annual, Ending mar Of Each Year",Ton mn,,,,,,,,,,,,,2.317,2.3109,2.2878,2.0017,2.2337,2.30803757,2.27046883,2.4013589,2.73,2.6899
Agricultural Production Foodgrains Pulses,"Annual, Ending mar Of Each Year",Ton mn,,,,,,,,,,,,,13.1295,13.3844,14.19752,14.76154,14.56637744,14.661789,18.2409455,17.0891239,18.34,19.5679
Agricultural Production Foodgrains Pulses Kharif,"Annual, Ending mar Of Each Year",Ton mn,,,,,,,,,,,,,4.7173,4.8648,4.79542,6.40324,4.68617744,4.204202,7.120101,6.058041,5.91,6.1161
Agricultural Production Foodgrains Pulses Rabi,"Annual, Ending mar Of Each Year",Ton mn,,,,,,,,,,,,,8.4122,8.5196,9.4021,8.3583,9.8802,10.457587,11.1208445,11.0310829,12.43,13.4518
Agricultural Production Oilseeds,"Annual, Ending mar Of Each Year",Ton mn,,,,,,,,,,,,,24.3535,27.9779,24.2894,29.7553,27.718952,24.881624,32.478956,29.7986417,30.943,32.4143
Agricultural Production Oilseeds Kharif,"Annual, Ending mar Of Each Year",Ton mn,,,,,,,,,,,,,14.1492,16.767,14.0121,20.7134,17.807969,15.728429,21.922022,20.691064,20.791,22.1366
Agricultural Production Oilseeds Rabi,"Annual, Ending mar Of Each Year",Ton mn,,,,,,,,,,,,,10.2043,11.2109,10.2773,9.0419,9.910983,9.153195,10.556934,9.1075777,10.152,10.2777
Agricultural Production Oilseeds Groundnut,"Annual, Ending mar Of Each Year",Ton mn,,,,,,,,,,,,,6.7744,7.9933,4.8635,9.1825,7.1681,5.428493,8.264782,6.963712,4.695,9.4715
Agricultural Production Oilseeds Groundnut Kharif,"Annual, Ending mar Of Each Year",Ton mn,,,,,,,,,,,,,5.2621,6.2979,3.2942,7.3624,5.6171,3.852216,6.642767,5.12691,3.187,7.6557
Agricultural Production Oilseeds Groundnut Rabi,"Annual, Ending mar Of Each Year",Ton mn,,,,,,,,,,,,,1.5123,1.6954,1.5693,1.8201,1.551,1.576277,1.622015,1.836802,1.508,1.8158
Agricultural Production Oilseeds Castorseed Kharif,"Annual, Ending mar Of Each Year",Ton mn,,,,,,,,,,,,,0.7934,0.9907,0.7623,1.0536,1.171059,1.008951,1.350324,2.29491,1.964,1.6438
Agricultural Production Oilseeds Sesamun Kharif,"Annual, Ending mar Of Each Year",Ton mn,,,,,,,,,,,,,0.6741,0.6411,0.6184,0.7569,0.6403,0.588419,0.892995,0.810264,0.685,0.6361
Agricultural Production Oilseeds Nigerseed Kharif,"Annual, Ending mar Of Each Year",Ton mn,,,,,,,,,,,,,0.1122,0.108,0.1209,0.1095,0.11698,0.099936,0.107709,0.098084,0.102,0.0875
Agricultural Production Oilseeds Rapeseed and Mustard Rabi,"Annual, Ending mar Of Each Year",Ton mn,,,,,,,,,,,,,7.5931,8.1312,7.4378,5.8336,7.2007,6.608079,8.17871,6.6037357,8.029,7.8289
Agricultural Production Oilseeds Linseed Rabi,"Annual, Ending mar Of Each Year",Ton mn,,,,,,,,,,,,,0.1697,0.1725,0.1679,0.1634,0.169183,0.153703,0.146544,0.152456,0.149,0.1409
Agricultural Production Oilseeds Safflower Rabi,"Annual, Ending mar Of Each Year",Ton mn,,,,,,,,,,,,,0.1736,0.2286,0.2403,0.2245,0.1892,0.178822,0.150432,0.145331,0.109,0.1159
Agricultural Production Oilseeds Sunflower,"Annual, Ending mar Of Each Year",Ton mn,,,,,,,,,,,,,1.1867,1.439,1.2275,1.4631,1.158,0.850744,0.651063,0.516636,0.544,0.5417
Agricultural Production Oilseeds Sunflower Kharif,"Annual, Ending mar Of Each Year",Ton mn,,,,,,,,,,,,,0.4311,0.4558,0.3655,0.4628,0.3571,0.21443,0.19183,0.147383,0.187,0.1655
Agricultural Production Oilseeds Sunflower Rabi,"Annual, Ending mar Of Each Year",Ton mn,,,,,,,,,,,,,0.7556,0.9832,0.862,1.0003,0.8009,0.636314,0.459233,0.369253,0.357,0.3762
Agricultural Production Oilseeds Soyabean Kharif,"Annual, Ending mar Of Each Year",Ton mn,,,,,,,,,,,,,6.8763,8.2735,8.8508,10.9682,9.90543,9.964477,12.736397,12.213513,14.666,11.948
Agricultural Production Commercial Crops Cotton,"Annual, Ending mar Of Each Year",Bale mn,,,,,,,,,,,,,16.4286,18.499,22.6318,25.8841,22.2762,24.021803,33.0,35.2,34.22,36.5
Agricultural Production Commercial Crops Jute,"Annual, Ending mar Of Each Year",Bale mn,,,,,,,,,,,,,9.3993,9.97,10.3171,10.2201,9.6344,11.230374,10.009412,10.73564,10.34,10.821
Agricultural Production Commercial Crops Mesta,"Annual, Ending mar Of Each Year",Bale mn,,,,,,,,,,,,,0.873,0.8701,0.9559,0.9904,0.7309,0.587028,0.610752,0.66298,0.59,0.5795
Agricultural Production Commercial Crops Jute and Mesta,"Annual, Ending mar Of Each Year",Bale mn,,,,,,,,,,,,,10.2723,10.8396,11.273,11.2105,10.3653,11.817402,10.620164,11.39862,10.93,11.4005
Agricultural Production Commercial Crops Sugarcane,"Annual, Ending mar Of Each Year",Ton mn,,,,,,,,,,,,,237.0884,281.1718,355.5197,348.1879,285.0293,292.301617,342.3815552,361.036576,341.2,348.384
Agricultural Production Plantation Crops Potato,"Annual, Ending mar Of Each Year",Ton mn,,,,,,,23.61,24.7,22.5,23.9,23.3,23.1,23.6,23.9,22.2,28.5,,,,,,
Agricultural Production Plantation Crops Onion,"Annual, Ending mar Of Each Year",Ton mn,,,,,4.18,3.62,5.33,4.9,4.55,4.83,4.21,5.92,6.43,8.68,,,,,,,,
Agricultural Production Plantation Crops Tobacco,"Annual, Ending mar Of Each Year",Ton mn,,,,,0.62,0.64,0.74,0.52,0.34,0.55,0.5,0.54,0.55,0.55,,,,,,,,
Agricultural Production Plantation Crops Coconut,"Annual, Ending mar Of Each Year",Unit mn,,,,,13061.0,12717.0,12536.0,12129.0,12597.0,12963.0,12535.0,12178.0,12833.0,14811.0,,,,,,,,
Agricultural Production Plantation Crops Cashewnut,"Annual, Ending mar Of Each Year",Ton mn,,,,0.418,0.43,0.36,0.46,0.52,0.45,0.47,0.5,0.535,0.544,,,,,,,,,
Agricultural Production Major Crops Target Rice,"Annual, Ending mar Of Each Year",Ton mn,,,,,,,,,,,,93.0,93.5,87.8,92.8,93.0,97.0,100.5,102.0,102.0,104.0,
Agricultural Production Major Crops Target Wheat,"Annual, Ending mar Of Each Year",Ton mn,,,,,,,,,,,,78.0,79.5,75.53,75.53,75.5,78.5,79.0,82.0,84.0,88.0,
Agricultural Production Major Crops Target Coarse Cereals,"Annual, Ending mar Of Each Year",Ton mn,,,,,,,,,,,,34.0,36.8,36.52,36.52,37.5,42.0,43.1,44.0,42.0,44.0,
Agricultural Production Major Crops Target Pulses,"Annual, Ending mar Of Each Year",Ton mn,,,,,,,,,,,,15.0,15.3,15.15,15.15,15.5,15.5,16.5,16.5,17.0,18.24,
Agricultural Production Major Crops Target Foodgrains,"Annual, Ending mar Of Each Year",Ton mn,,,,,,,,,,,,220.0,225.1,215.0,220.0,221.5,233.0,239.1,244.5,245.0,254.24,
Agricultural Production Major Crops Target Oilseeds,"Annual, Ending mar Of Each Year",Ton mn,,,,,,,,,,,,24.7,26.2,26.58,29.4,30.0,31.75,31.6,33.2,33.6,33.5,
Agricultural Production Major Crops Target Sugarcane,"Annual, Ending mar Of Each Year",Ton mn,,,,,,,,,,,,320.0,270.0,237.5,270.0,310.0,340.0,340.0,315.0,350.0,352.0,
Agricultural Production Major Crops Target Cotton,"Annual, Ending mar Of Each Year",Ton mn,,,,,,,,,,,,15.0,15.0,16.5,18.5,22.0,26.0,26.0,26.0,34.0,35.0,
Agricultural Production Major Crops Target Jute and Mesta,"Annual, Ending mar Of Each Year",Ton mn,,,,,,,,,,,,12.0,11.8,11.28,11.28,11.0,11.0,11.2,11.5,12.3,12.0,
Agricultural Production Major Crops Achievements Rice,"Annual, Ending mar Of Each Year",Ton mn,,,,,,,,,,,,88.53,83.13,91.79,93.35,96.69,99.18,89.09,95.98,104.32,104.4,
Agricultural Production Major Crops Achievements Wheat,"Annual, Ending mar Of Each Year",Ton mn,,,,,,,,,,,,72.15,68.64,69.35,75.81,78.57,80.68,80.8,86.87,93.9,92.46,
Agricultural Production Major Crops Achievements Coarse Cereals,"Annual, Ending mar Of Each Year",Ton mn,,,,,,,,,,,,37.6,33.46,34.06,33.92,40.76,40.03,33.55,43.68,42.01,40.06,
Agricultural Production Major Crops Achievements Pulses,"Annual, Ending mar Of Each Year",Ton mn,,,,,,,,,,,,14.91,13.13,13.39,14.2,14.76,14.57,14.66,18.24,17.21,18.45,
Agricultural Production Major Crops Achievements Foodgrains,"Annual, Ending mar Of Each Year",Ton mn,,,,,,,,,,,,213.19,198.36,208.59,217.28,230.78,234.47,218.11,244.78,257.44,255.36,
Agricultural Production Major Crops Achievements Oilseeds,"Annual, Ending mar Of Each Year",Ton mn,,,,,,,,,,,,25.19,24.35,27.98,24.29,29.76,27.72,24.88,32.48,30.01,31.01,
Agricultural Production Major Crops Achievements Sugarcane,"Annual, Ending mar Of Each Year",Ton mn,,,,,,,,,,,,233.86,237.09,281.17,355.52,348.19,285.03,292.3,342.38,357.67,338.96,
Agricultural Production Major Crops Achievements Cotton,"Annual, Ending mar Of Each Year",Ton mn,,,,,,,,,,,,13.73,16.43,18.5,22.63,25.88,22.28,24.02,33.0,35.2,34.0,
Agricultural Production Major Crops Achievements Jute and Mesta,"Annual, Ending mar Of Each Year",Ton mn,,,,,,,,,,,,11.17,10.27,10.84,11.27,11.21,10.37,11.82,10.62,11.57,11.3,
Agricultural Production Area,"Annual, Ending mar Of Each Year",ha mn,,,,,,,,,,,,,120.08,121.6,123.71,124.07,122.85,121.34,126.67,124.75,120.8,126.2
Agricultural Production Volume,"Annual, Ending mar Of Each Year",Ton mn,,,,,,,,,,,,213.19,198.36,208.6,217.28,230.78,234.47,218.11,244.5,259.29,255.36,
Agricultural Production Yield,"Annual, Ending mar Of Each Year",kg/ha,,,,,,,,,,,,,1652.0,1715.0,1756.0,1860.0,1909.0,1798.0,1930.0,2078.0,2128.0,2095.0
Agricultural Production Kharif Area,"Annual, Ending mar Of Each Year",ha mn,,,,,,,,,,,,,72.26,72.72,72.67,73.58,71.45,69.51,72.42,72.08,67.7,69.4
Agricultural Production Kharif Volume,"Annual, Ending mar Of Each Year",Ton mn,,,,,,,,,,,,117.0,103.31,109.87,110.58,121.0,118.18,104.0,120.9,131.27,128.2,
Agricultural Production Kharif Yield,"Annual, Ending mar Of Each Year",kg/ha,,,,,,,,,,,,,1430.0,1511.0,1522.0,1644.0,1654.0,1496.0,1669.0,1822.0,1892.0,1864.0
Agricultural Production Rabi Area,"Annual, Ending mar Of Each Year",ha mn,,,,,,,,,,,,,47.82,48.88,51.04,50.49,51.39,51.83,54.25,52.67,53.1,56.8
Agricultural Production Rabi Volume,"Annual, Ending mar Of Each Year",Ton mn,,,,,,,,,,,,96.19,95.05,98.73,106.71,109.77,116.28,114.11,123.6,128.01,127.16,
Agricultural Production Rabi Yield,"Annual, Ending mar Of Each Year",kg/ha,,,,,,,,,,,,,1988.0,2020.0,2091.0,2174.0,2263.0,2202.0,2278.0,2430.0,2431.0,2378.0
Agriculture Production Foodgrains Area 5 Yr Avg Foodgrains Total,"Annual, Ending mar Of Each Year",ha mn,,,,,,,,,,,122.0,120.8,120.8,120.35,120.54,122.58,122.46,122.71,123.74,123.93,,
Agriculture Production Foodgrains Area 5 Yr Avg Foodgrains Kharif,"Annual, Ending mar Of Each Year",ha mn,,,,,,,,,,,74.1,72.7,73.3,72.64,72.33,73.33,72.53,71.97,71.94,71.81,,
Agriculture Production Foodgrains Area 5 Yr Avg Foodgrains Rabi,"Annual, Ending mar Of Each Year",ha mn,,,,,,,,,,,47.9,48.1,47.5,47.71,48.21,49.25,49.93,50.74,51.8,52.13,,
Agriculture Production Foodgrains Area 5 Yr Avg Foodgrains Coarse Cereals Total,"Annual, Ending mar Of Each Year",ha mn,,,,,,,,,,,29.8,29.0,29.4,29.08,28.91,29.22,28.54,28.28,28.15,27.67,,
Agriculture Production Foodgrains Area 5 Yr Avg Foodgrains Coarse Cereals Kharif,"Annual, Ending mar Of Each Year",ha mn,,,,,,,,,,,23.1,22.5,22.9,22.65,22.55,22.96,22.22,21.97,21.86,21.51,,
Agriculture Production Foodgrains Area 5 Yr Avg Foodgrains Coarse Cereals Rabi,"Annual, Ending mar Of Each Year",ha mn,,,,,,,,,,,6.7,6.5,6.5,6.43,6.36,6.25,6.32,6.31,6.29,6.16,,
Agriculture Production Foodgrains Area 5 Yr Avg Foodgrains Coarse Cereals Rice Total,"Annual, Ending mar Of Each Year",ha mn,,,,,,,,,,,44.8,43.9,43.7,42.85,42.63,43.18,43.77,43.77,43.61,43.65,,
Agricultural Production Foodgrains Area 5 Yr Avg Foodgrains Coarse Cereals Rice Kharif,"Annual, Ending mar Of Each Year",ha mn,,,,,,,,,,,40.6,39.9,39.9,39.12,38.91,39.2,39.51,39.36,39.11,39.22,,
Agriculture Production Foodgrains Area 5 Yr Avg Foodgrains Coarse Cereals Rice Rabi,"Annual, Ending mar Of Each Year",ha mn,,,,,,,,,,,4.2,4.0,3.8,3.73,3.72,3.98,4.26,4.41,4.5,4.43,,
Agriculture Production Foodgrains Area 5 Yr Avg Foodgrains Coarse Cereals Wheat Rabi,"Annual, Ending mar Of Each Year",ha mn,,,,,,,,,,,26.4,26.4,26.3,26.2,26.53,27.1,27.33,27.75,28.26,28.64,,
Agriculture Production Foodgrains Area 5 Yr Avg Foodgrains Coarse Cereals Jowar Total,"Annual, Ending mar Of Each Year",ha mn,,,,,,,,,,,10.0,9.8,9.7,9.24,8.97,8.67,8.31,8.05,7.79,7.34,,
Agriculture Production Foodgrains Area 5 Yr Avg Foodgrains Coarse Cereals Jowar Kharif,"Annual, Ending mar Of Each Year",ha mn,,,,,,,,,,,4.7,4.7,4.6,4.21,4.06,3.91,3.6,3.43,3.29,3.06,,
Agriculture Production Foodgrains Area 5 Yr Avg Foodgrains Coarse Cereals Jowar Rabi,"Annual, Ending mar Of Each Year",ha mn,,,,,,,,,,,5.3,5.1,5.1,5.03,4.91,4.75,4.71,4.62,4.5,4.28,,
Agriculture Production Foodgrains Area 5 Yr Avg Foodgrains Coarse Cereals Bajra Kharif,"Annual, Ending mar Of Each Year",ha mn,,,,,,,,,,,9.4,9.0,9.3,9.34,9.33,9.7,9.33,9.26,9.27,9.12,,
Agriculture Production Foodgrains Area 5 Yr Avg Foodgrains Coarse Cereals Maize Total,"Annual, Ending mar Of Each Year",ha mn,,,,,,,,,,,6.6,6.5,6.7,7.12,7.38,7.67,7.84,8.01,8.2,8.38,,
Agriculture Production Foodgrains Area 5 Yr Avg Foodgrains Coarse Cereals Maize Kharif,"Annual, Ending mar Of Each Year",ha mn,,,,,,,,,,,5.9,5.8,6.0,6.37,6.58,6.8,6.87,6.96,7.06,7.15,,
Agriculture Production Foodgrains Area 5 Yr Avg Foodgrains Coarse Cereals Maize Rabi,"Annual, Ending mar Of Each Year",ha mn,,,,,,,,,,,0.7,0.7,0.7,0.75,0.8,0.87,0.97,1.05,1.14,1.23,,
Agriculture Production Foodgrains Area 5 Yr Avg Foodgrains Pulses Total,"Annual, Ending mar Of Each Year",ha mn,,,,,,,,,,,21.0,21.4,21.5,22.22,22.46,23.09,22.81,22.92,23.73,23.97,,
Agriculture Production Foodgrains Area 5 Yr Avg Foodgrains Pulses Kharif,"Annual, Ending mar Of Each Year",ha mn,,,,,,,,,,,10.4,10.2,10.6,10.87,10.86,11.17,10.79,10.65,10.98,11.08,,
Agriculture Production Foodgrains Area 5 Yr Avg Foodgrains Pulses Rabi,"Annual, Ending mar Of Each Year",ha mn,,,,,,,,,,,10.6,11.2,10.9,11.35,11.6,11.92,12.02,12.27,12.75,12.9,,
Agriculture Production Foodgrains Area 5 Yr Avg Foodgrains Pulses Tur Kharif,"Annual, Ending mar Of Each Year",ha mn,,,,,,,,,,,3.5,3.4,3.5,3.46,3.51,3.58,3.55,3.54,3.7,3.79,,
Agriculture Production Foodgrains Area 5 Yr Avg Foodgrains Pulses Gram Rabi,"Annual, Ending mar Of Each Year",ha mn,,,,,,,,,,,5.8,6.4,6.2,6.6,6.82,7.15,7.31,7.61,8.06,8.22,,
Agriculture Production Foodgrains Area 5 Yr Avg Oilseeds Nine Oilseeds,"Annual, Ending mar Of Each Year",ha mn,,,,,,,,,,,23.3,23.4,23.0,24.63,25.41,26.45,27.23,26.92,26.79,26.75,,
Agriculture Production Foodgrains Area 5 Yr Avg Oilseeds Nine Oilseeds Groundnut,"Annual, Ending mar Of Each Year",ha mn,,,,,,,,,,,6.6,6.6,6.3,6.31,6.18,6.25,6.29,6.06,5.88,5.81,,
Agriculture Production Foodgrains Area 5 Yr Avg Oilseeds Nine Oilseeds Rapeseed and Mustard Rabi,"Annual, Ending mar Of Each Year",ha mn,,,,,,,,,,,5.2,5.3,5.1,5.93,6.27,6.53,6.7,6.36,6.28,6.1,,
Agriculture Production Foodgrains Area 5 Yr Avg Oilseeds Nine Oilseeds Soyabean Kharif,"Annual, Ending mar Of Each Year",ha mn,,,,,,,,,,,6.3,6.3,6.3,6.86,7.25,7.81,8.4,8.83,9.21,9.57,,
Agriculture Production Foodgrains Area 5 Yr Avg Oilseeds Nine Oilseeds Sunflower,"Annual, Ending mar Of Each Year",ha mn,,,,,,,,,,,1.2,1.4,1.4,1.86,2.06,2.12,2.08,1.94,1.66,1.37,,
Agriculture Production Foodgrains Area 5 Yr Avg Other Cash Crops Cotton,"Annual, Ending mar Of Each Year",ha mn,,,,,,,,,,,8.8,8.7,8.3,8.37,8.38,8.72,9.09,9.35,9.87,10.47,,
Agriculture Production Foodgrains Area 5 Yr Avg Other Cash Crops Jute and Mesta,"Annual, Ending mar Of Each Year",ha mn,,,,,,,,,,,1.0,1.0,1.0,0.98,0.96,0.94,0.465,0.92,0.91,0.91,,
Agriculture Production Foodgrains Area 5 Yr Avg Other Cash Crops Onion,"Annual, Ending mar Of Each Year",ha mn,,,,,,,,,,,0.5,0.5,0.5,0.52,0.55,0.62,0.62,,,,,
Agriculture Production Foodgrains Area 5 Yr Avg Other Cash Crops Potato,"Annual, Ending mar Of Each Year",ha mn,,,,,,,,,,,1.3,1.3,1.3,1.31,1.37,1.41,1.41,,,,,
Agriculture Production Foodgrains Area 5 Yr Avg Other Cash Crops Sugarcane,"Annual, Ending mar Of Each Year",ha mn,,,,,,,,,,,4.3,4.3,4.3,4.15,4.29,4.4,4.5,4.6,4.74,4.71,,
Agriculture Production Foodgrains Production Foodgrains Total,"Annual, Ending mar Of Each Year",Ton mn,,,,,,,,,,,206.2,199.4,201.5,201.56,202.44,213.64,217.9,221.85,229.08,237.42,,
Agriculture Production Foodgrains Production Foodgrains Kharif,"Annual, Ending mar Of Each Year",Ton mn,,,,,,,,,,,106.4,101.9,104.7,105.9,105.6,112.34,112.57,112.7,114.99,119.06,,
Agriculture Production Foodgrains Production Foodgrains Rabi,"Annual, Ending mar Of Each Year",Ton mn,,,,,,,,,,,99.8,97.5,96.8,95.66,96.84,101.3,105.33,109.15,114.09,118.36,,
Agriculture Production Foodgrains Production Foodgrains Coarse Cereals Total,"Annual, Ending mar Of Each Year",Ton mn,,,,,,,,,,,31.8,30.5,31.8,32.92,33.02,35.96,36.45,36.46,38.39,39.95,,
Agriculture Production Foodgrains Production Foodgrains Coarse Cereals Kharif,"Annual, Ending mar Of Each Year",Ton mn,,,,,,,,,,,25.0,24.0,25.4,26.4,26.18,28.56,27.83,27.32,28.65,29.96,,
Agriculture Production Foodgrains Production Foodgrains Coarse Cereals Rabi,"Annual, Ending mar Of Each Year",Ton mn,,,,,,,,,,,6.8,6.5,6.4,6.51,6.84,7.4,8.62,9.14,9.74,9.99,,
Agriculture Production Foodgrains Production Foodgrains Coarse Cereals Rice Total,"Annual, Ending mar Of Each Year",Ton mn,,,,,,,,,,,89.3,85.2,85.6,85.72,85.72,90.7,92.83,94.02,94.87,97.24,,
Agricultural Production Foodgrains Production Foodgrains Coarse Cereals Rice Kharif,"Annual, Ending mar Of Each Year",Ton mn,,,,,,,,,,,76.7,73.3,74.4,74.55,74.47,78.39,79.65,80.38,80.9,83.41,,
Agriculture Production Foodgrains Production Foodgrains Coarse Cereals Rice Rabi,"Annual, Ending mar Of Each Year",Ton mn,,,,,,,,,,,12.6,11.9,11.2,11.18,11.25,12.31,13.18,13.64,13.97,13.83,,
Agriculture Production Foodgrains Production Foodgrains Coarse Cereals Wheat Rabi,"Annual, Ending mar Of Each Year",Ton mn,,,,,,,,,,,72.6,71.0,71.3,69.73,70.34,72.9,74.61,77.04,80.55,84.36,,
Agriculture Production Foodgrains Production Foodgrains Coarse Cereals Jowar Total,"Annual, Ending mar Of Each Year",Ton mn,,,,,,,,,,,8.0,7.8,7.6,7.22,7.14,7.33,7.44,7.33,7.21,6.97,,
Agriculture Production Foodgrains Production Foodgrains Coarse Cereals Jowar Kharif,"Annual, Ending mar Of Each Year",Ton mn,,,,,,,,,,,4.6,4.6,4.5,4.28,4.18,4.16,3.8,3.54,3.42,3.33,,
Agriculture Production Foodgrains Production Foodgrains Coarse Cereals Jowar Rabi,"Annual, Ending mar Of Each Year",Ton mn,,,,,,,,,,,3.4,3.2,3.0,2.94,2.96,3.17,3.64,3.79,3.79,3.64,,
Agriculture Production Foodgrains Production Foodgrains Coarse Cereals Bajra Kharif,"Annual, Ending mar Of Each Year",Ton mn,,,,,,,,,,,7.0,6.5,7.5,8.15,8.17,9.22,8.58,8.29,8.83,9.2,,
Agriculture Production Foodgrains Production Foodgrains Coarse Cereals Maize Total,"Annual, Ending mar Of Each Year",Ton mn,,,,,,,,,,,12.3,11.8,12.5,13.64,14.02,15.58,16.53,17.04,18.44,19.78,,
Agriculture Production Foodgrains Production Foodgrains Coarse Cereals Maize Kharif,"Annual, Ending mar Of Each Year",Ton mn,,,,,,,,,,,10.4,10.0,10.6,11.38,11.44,12.61,12.88,13.04,13.94,14.93,,
Agriculture Production Foodgrains Production Foodgrains Coarse Cereals Maize Rabi,"Annual, Ending mar Of Each Year",Ton mn,,,,,,,,,,,1.9,1.8,1.9,2.26,2.58,2.98,3.65,4.0,4.5,4.85,,
Agriculture Production Foodgrains Production Foodgrains Pulses Total,"Annual, Ending mar Of Each Year",Ton mn,,,,,,,,,,,12.6,12.8,12.8,13.18,13.35,14.08,14.0,14.31,15.28,15.86,,
Agriculture Production Foodgrains Production Foodgrains Pulses Tur Kharif,"Annual, Ending mar Of Each Year",Ton mn,,,,,,,,,,,2.4,2.4,2.4,2.38,2.39,2.57,2.55,2.57,2.6,2.66,,
Agriculture Production Foodgrains Production Foodgrains Pulses Gram Rabi,"Annual, Ending mar Of Each Year",Ton mn,,,,,,,,,,,4.7,5.1,4.9,5.3,5.47,5.77,6.04,6.44,6.97,7.24,,
Agriculture Production Foodgrains Production Foodgrains Pulses Kharif,"Annual, Ending mar Of Each Year",Ton mn,,,,,,,,,,,4.7,4.7,4.9,4.95,4.94,5.39,5.09,4.99,5.44,5.69,,
Agriculture Production Foodgrains Production Foodgrains Pulses Rabi,"Annual, Ending mar Of Each Year",Ton mn,,,,,,,,,,,7.9,8.1,7.9,8.24,8.41,8.69,8.91,9.32,9.84,10.17,,
Agriculture Production Foodgrains Production Oilseeds Nine Oilseeds,"Annual, Ending mar Of Each Year",Ton mn,,,,,,,,,,,20.0,19.9,20.0,22.6,23.33,26.31,26.82,26.92,27.82,28.93,,
Agriculture Production Foodgrains Production Oilseeds Nine Oilseeds Groundnut,"Annual, Ending mar Of Each Year",Ton mn,,,,,,,,,,,6.3,6.4,6.2,6.81,6.38,7.39,7.2,6.93,6.98,7.4,,
Agriculture Production Foodgrains Production Oilseeds Nine Oilseeds Rapeseed and Mustard Rabi,"Annual, Ending mar Of Each Year",Ton mn,,,,,,,,,,,5.0,4.9,5.0,6.2,6.67,7.06,7.24,7.04,7.05,6.89,,
Agriculture Production Foodgrains Production Oilseeds Nine Oilseeds Soyabean Kharif,"Annual, Ending mar Of Each Year",Ton mn,,,,,,,,,,,6.1,6.0,6.2,6.72,7.29,8.56,8.97,9.59,10.49,11.16,,
Agriculture Production Foodgrains Production Oilseeds Nine Oilseeds Sunflower,"Annual, Ending mar Of Each Year",Ton mn,,,,,,,,,,,0.7,0.8,0.8,1.02,1.13,1.25,1.29,1.23,1.07,0.93,,
Agriculture Production Foodgrains Production Other Cash Crops Cotton,"Annual, Ending mar Of Each Year",Ton mn,,,,,,,,,,,10.4,10.4,10.7,13.46,15.98,19.43,21.14,22.66,25.56,28.08,,
Agriculture Production Foodgrains Production Other Cash Crops Jute and Mesta,"Annual, Ending mar Of Each Year",Ton mn,,,,,,,,,,,10.9,10.8,11.1,11.05,10.97,10.95,15.525,11.1,11.06,11.08,,
Agriculture Production Foodgrains Production Other Cash Crops Onion,"Annual, Ending mar Of Each Year",Ton mn,,,,,,,,,,,4.7,4.8,4.7,6.08,6.54,7.81,7.81,,,,,
Agriculture Production Foodgrains Production Other Cash Crops Potato,"Annual, Ending mar Of Each Year",Ton mn,,,,,,,,,,,23.8,23.6,23.5,23.56,23.19,24.25,24.25,,,,,
Agriculture Production Foodgrains Production Other Cash Crops Sugarcane,"Annual, Ending mar Of Each Year",Ton mn,,,,,,,,,,,298.5,298.5,283.4,267.34,279.01,291.17,301.4,312.44,324.68,325.79,,
Agriculture Production Foodgrains Yield Foodgrains Total,"Annual, Ending mar Of Each Year",kg/ha,,,,,,,,,,,1690.0,1651.0,1668.0,1675.0,1679.0,1743.0,1779.0,1808.0,1851.0,1916.0,,
Agriculture Production Foodgrains Yield Foodgrains Kharif,"Annual, Ending mar Of Each Year",kg/ha,,,,,,,,,,,1436.0,1401.0,1429.0,1458.0,1460.0,1532.0,1552.0,1566.0,1598.0,1658.0,,
Agriculture Production Foodgrains Yield Foodgrains Rabi,"Annual, Ending mar Of Each Year",kg/ha,,,,,,,,,,,2084.0,2029.0,2036.0,2005.0,2009.0,2057.0,2109.0,2151.0,2203.0,2271.0,,
Agriculture Production Foodgrains Yield Foodgrains Coarse Cereals Total,"Annual, Ending mar Of Each Year",kg/ha,,,,,,,,,,,1068.0,1049.0,1082.0,1132.0,1142.0,1231.0,1277.0,1290.0,1364.0,1444.0,,
Agriculture Production Foodgrains Yield Foodgrains Coarse Cereals Kharif,"Annual, Ending mar Of Each Year",kg/ha,,,,,,,,,,,1083.0,1064.0,1113.0,1166.0,1161.0,1244.0,1252.0,1244.0,1311.0,1393.0,,
Agriculture Production Foodgrains Yield Foodgrains Coarse Cereals Rabi,"Annual, Ending mar Of Each Year",kg/ha,,,,,,,,,,,1016.0,999.0,976.0,1013.0,1075.0,1183.0,1363.0,1449.0,1548.0,1621.0,,
Agriculture Production Foodgrains Yield Foodgrains Coarse Cereals Rice Total,"Annual, Ending mar Of Each Year",kg/ha,,,,,,,,,,,1991.0,1938.0,1960.0,2001.0,2011.0,2101.0,2121.0,2148.0,2175.0,2228.0,,
Agricultural Production Foodgrains Yield Foodgrains Coarse Cereals Rice Kharif,"Annual, Ending mar Of Each Year",kg/ha,,,,,,,,,,,1888.0,1835.0,1867.0,1906.0,1914.0,2000.0,2016.0,2042.0,2068.0,2127.0,,
Agriculture Production Foodgrains Yield Foodgrains Coarse Cereals Rice Rabi,"Annual, Ending mar Of Each Year",kg/ha,,,,,,,,,,,2982.0,2972.0,2932.0,2996.0,3027.0,3093.0,3097.0,3092.0,3104.0,3122.0,,
Agriculture Production Foodgrains Yield Foodgrains Coarse Cereals Wheat Rabi,"Annual, Ending mar Of Each Year",kg/ha,,,,,,,,,,,2753.0,2692.0,2716.0,2662.0,2651.0,2690.0,2730.0,2777.0,2850.0,2946.0,,
Agriculture Production Foodgrains Yield Foodgrains Coarse Cereals Jowar Total,"Annual, Ending mar Of Each Year",kg/ha,,,,,,,,,,,799.0,803.0,781.0,782.0,796.0,845.0,896.0,911.0,925.0,949.0,,
Agriculture Production Foodgrains Yield Foodgrains Coarse Cereals Jowar Kharif,"Annual, Ending mar Of Each Year",kg/ha,,,,,,,,,,,965.0,989.0,995.0,1018.0,1029.0,1062.0,1055.0,1034.0,1039.0,1087.0,,
Agriculture Production Foodgrains Yield Foodgrains Coarse Cereals Jowar Rabi,"Annual, Ending mar Of Each Year",kg/ha,,,,,,,,,,,651.0,633.0,591.0,585.0,604.0,667.0,774.0,820.0,842.0,851.0,,
Agriculture Production Foodgrains Yield Foodgrains Coarse Cereals Bajra Kharif,"Annual, Ending mar Of Each Year",kg/ha,,,,,,,,,,,739.0,718.0,809.0,872.0,876.0,951.0,920.0,895.0,953.0,1009.0,,
Agriculture Production Foodgrains Yield Foodgrains Coarse Cereals Maize Total,"Annual, Ending mar Of Each Year",kg/ha,,,,,,,,,,,1878.0,1817.0,1870.0,1916.0,1901.0,2031.0,2109.0,2128.0,2249.0,2361.0,,
Agriculture Production Foodgrains Yield Foodgrains Coarse Cereals Maize Kharif,"Annual, Ending mar Of Each Year",kg/ha,,,,,,,,,,,1765.0,1713.0,1761.0,1786.0,1740.0,1853.0,1877.0,1875.0,1974.0,2089.0,,
Agriculture Production Foodgrains Yield Foodgrains Coarse Cereals Maize Rabi,"Annual, Ending mar Of Each Year",kg/ha,,,,,,,,,,,2874.0,2749.0,2853.0,3030.0,3220.0,3421.0,3741.0,3813.0,3963.0,3944.0,,
Agriculture Production Foodgrains Yield Foodgrains Pulses Total,"Annual, Ending mar Of Each Year",kg/ha,,,,,,,,,,,597.0,595.0,595.0,593.0,594.0,610.0,614.0,625.0,644.0,662.0,,
Agriculture Production Foodgrains Yield Foodgrains Pulses Kharif,"Annual, Ending mar Of Each Year",kg/ha,,,,,,,,,,,453.0,455.0,463.0,455.0,455.0,483.0,472.0,469.0,496.0,514.0,,
Agriculture Production Foodgrains Yield Foodgrains Pulses Rabi,"Annual, Ending mar Of Each Year",kg/ha,,,,,,,,,,,738.0,723.0,723.0,725.0,725.0,729.0,742.0,760.0,772.0,789.0,,
Agriculture Production Foodgrains Yield Foodgrains Pulses Tur Kharif,"Annual, Ending mar Of Each Year",kg/ha,,,,,,,,,,,694.0,703.0,681.0,687.0,681.0,717.0,717.0,726.0,702.0,703.0,,
Agriculture Production Foodgrains Yield Foodgrains Pulses Gram Rabi,"Annual, Ending mar Of Each Year",kg/ha,,,,,,,,,,,817.0,796.0,795.0,803.0,803.0,808.0,826.0,847.0,865.0,881.0,,
Agriculture Production Foodgrains Yield Oilseeds Nine Oilseeds,"Annual, Ending mar Of Each Year",kg/ha,,,,,,,,,,,859.0,850.0,870.0,918.0,918.0,995.0,985.0,1000.0,1039.0,1081.0,,
Agriculture Production Foodgrains Yield Oilseeds Nine Oilseeds Groundnut,"Annual, Ending mar Of Each Year",kg/ha,,,,,,,,,,,952.0,970.0,981.0,1079.0,1031.0,1181.0,1144.0,1144.0,1187.0,1274.0,,
Agriculture Production Foodgrains Yield Oilseeds Nine Oilseeds Rapeseed and Mustard Rabi,"Annual, Ending mar Of Each Year",kg/ha,,,,,,,,,,,966.0,924.0,985.0,1045.0,1063.0,1081.0,1080.0,1108.0,1123.0,1128.0,,
Agriculture Production Foodgrains Yield Oilseeds Nine Oilseeds Soyabean Kharif,"Annual, Ending mar Of Each Year",kg/ha,,,,,,,,,,,966.0,958.0,976.0,980.0,1006.0,1096.0,1068.0,1086.0,1138.0,1166.0,,
Agriculture Production Foodgrains Yield Oilseeds Nine Oilseeds Sunflower,"Annual, Ending mar Of Each Year",kg/ha,,,,,,,,,,,580.0,552.0,541.0,548.0,549.0,590.0,623.0,632.0,645.0,676.0,,
Agriculture Production Foodgrains Yield Other Cash Crops Cotton,"Annual, Ending mar Of Each Year",kg/ha,,,,,,,,,,,201.0,204.0,2108.0,273.0,324.0,379.0,396.0,412.0,440.0,456.0,,
Agriculture Production Foodgrains Yield Other Cash Crops Jute and Mesta,"Annual, Ending mar Of Each Year",kg/ha,,,,,,,,,,,1900.0,1944.0,1938.0,2030.0,2063.0,2093.0,6010.0,2172.0,2176.0,2195.0,,
Agriculture Production Foodgrains Yield Other Cash Crops Onion,"Annual, Ending mar Of Each Year",kg/ha,,,,,,,,,,,10416.0,10540.0,10416.0,11678.0,11987.0,12520.0,12520.0,,,,,
Agriculture Production Foodgrains Yield Other Cash Crops Potato,"Annual, Ending mar Of Each Year",kg/ha,,,,,,,,,,,18858.0,18343.0,18386.0,17950.0,16962.0,17207.0,17207.0,,,,,
Agriculture Production Foodgrains Yield Other Cash Crops Sugarcane,"Annual, Ending mar Of Each Year",kg/ha,,,,,,,,,,,69202.0,69065.0,65945.0,64473.0,64969.0,66151.0,67024.0,67929.0,68554.0,69118.0,,
(DC)Agricultural Coverage Under Irrigation,"Annual, Ending mar Of Each Year",%,,,,40.1,40.0,40.8,42.4,43.9,43.4,43.0,42.8,42.2,44.2,,,,,,,,,
Agricultural Production Foodgrains Area Andhra Pradesh,"Annual, Ending mar Of Each Year",ha mn,,,,,,,,,,,,6.81,6.27,7.17,7.27,7.39,7.44,6.666,8.03,7.29,6.85,
Agricultural Production Foodgrains Area Assam,"Annual, Ending mar Of Each Year",ha mn,,,,,,,,,,,,2.74,2.58,2.6,2.38,2.52,2.67,2.6956,2.77,2.74,2.52,
Agricultural Production Foodgrains Area Bihar,"Annual, Ending mar Of Each Year",ha mn,,,,,,,,,,,,7.01,6.46,6.55,6.7,7.03,6.92,6.6342,6.24,6.7,6.71,
Agricultural Production Foodgrains Area Chhattisgarh,"Annual, Ending mar Of Each Year",ha mn,,,,,,,,,,,,5.07,5.13,5.15,5.06,5.08,4.96,4.8637,4.96,4.96,5.04,
Agricultural Production Foodgrains Area Gujarat,"Annual, Ending mar Of Each Year",ha mn,,,,,,,,,,,,4.03,3.72,3.97,4.57,4.48,4.06,3.694,4.53,4.74,3.68,
Agricultural Production Foodgrains Area Haryana,"Annual, Ending mar Of Each Year",ha mn,,,,,,,,,,,,4.29,4.24,4.27,4.35,4.48,4.61,4.54,4.72,4.63,4.39,
Agricultural Production Foodgrains Area Jharkhand,"Annual, Ending mar Of Each Year",ha mn,,,,,,,,,,,,1.95,1.87,1.93,2.38,2.44,2.43,1.6191,1.49,2.32,2.31,
Agricultural Production Foodgrains Area Karnataka,"Annual, Ending mar Of Each Year",ha mn,,,,,,,,,,,,6.91,7.56,7.6,7.45,7.87,7.46,7.955,8.24,7.43,7.42,
Agricultural Production Foodgrains Area Madhya Pradesh,"Annual, Ending mar Of Each Year",ha mn,,,,,,,,,,,,12.68,12.47,11.68,11.78,11.29,11.91,12.459,12.86,13.5,14.13,
Agricultural Production Foodgrains Area Maharashtra,"Annual, Ending mar Of Each Year",ha mn,,,,,,,,,,,,12.18,12.61,12.75,13.45,13.21,11.42,12.1127,13.03,10.86,10.11,
Agricultural Production Foodgrains Area Orissa,"Annual, Ending mar Of Each Year",ha mn,,,,,,,,,,,,5.39,5.3,5.46,5.4,5.49,5.43,5.4061,5.32,4.92,5.04,
Agricultural Production Foodgrains Area Punjab,"Annual, Ending mar Of Each Year",ha mn,,,,,,,,,,,,6.29,6.35,6.32,6.3,6.3,6.46,6.503,6.51,6.51,6.59,
Agricultural Production Foodgrains Area Rajasthan,"Annual, Ending mar Of Each Year",ha mn,,,,,,,,,,,,13.96,12.05,12.45,12.7,13.61,13.21,13.2719,15.08,14.44,12.17,
Agricultural Production Foodgrains Area Tamil Nadu,"Annual, Ending mar Of Each Year",ha mn,,,,,,,,,,,,2.88,3.3,3.32,3.17,3.1,3.19,3.0328,3.17,3.21,2.89,
Agricultural Production Foodgrains Area Uttar Pradesh,"Annual, Ending mar Of Each Year",ha mn,,,,,,,,,,,,20.2,19.29,19.64,20.04,19.08,19.76,19.322,19.8,20.13,19.96,
Agricultural Production Foodgrains Area Uttaranchal,"Annual, Ending mar Of Each Year",ha mn,,,,,,,,,,,,1.03,1.04,1.03,0.99,1.01,1.03,1.009,0.99,0.95,0.93,
Agricultural Production Foodgrains Area West Bengal,"Annual, Ending mar Of Each Year",ha mn,,,,,,,,,,,,6.6,6.48,6.44,6.36,6.36,6.54,6.2423,5.56,6.04,6.09,
Agricultural Production Foodgrains Area Others,"Annual, Ending mar Of Each Year",ha mn,,,,,,,,,,,,3.3,3.36,3.27,3.36,3.33,3.33,3.3068,3.47,3.38,3.33,
Agricultural Production Foodgrains Volume Andhra Pradesh,"Annual, Ending mar Of Each Year",Ton mn,,,,,,,,,,,,13.697,13.396,16.951,16.229,19.303,20.421,15.295,20.32,18.36,17.93,
Agricultural Production Foodgrains Volume Assam,"Annual, Ending mar Of Each Year",Ton mn,,,,,,,,,,,,4.035,3.6182,3.6778,3.06,3.47,4.143,4.4811,4.88,4.66,4.76,
Agricultural Production Foodgrains Volume Bihar,"Annual, Ending mar Of Each Year",Ton mn,,,,,,,,,,,,11.2126,7.7044,8.5868,11.0986,10.8641,12.2207,10.1506,9.22,14.05,15.62,
Agricultural Production Foodgrains Volume Chhattisgarh,"Annual, Ending mar Of Each Year",Ton mn,,,,,,,,,,,,6.4698,5.023,5.7148,5.805,6.2919,5.1673,4.9028,7.06,6.87,7.63,
Agricultural Production Foodgrains Volume Gujarat,"Annual, Ending mar Of Each Year",Ton mn,,,,,,,,,,,,6.5713,5.2575,6.154,6.499,8.206,6.481,5.761,8.34,8.87,7.32,
Agricultural Production Foodgrains Volume Haryana,"Annual, Ending mar Of Each Year",Ton mn,,,,,,,,,,,,13.1931,13.109,12.9981,14.763,15.3078,15.6137,15.357,16.63,17.96,16.22,
Agricultural Production Foodgrains Volume Jharkhand,"Annual, Ending mar Of Each Year",Ton mn,,,,,,,,,,,,2.905,2.3111,2.0676,3.6868,4.1645,4.1887,2.1521,1.88,4.18,4.3,
Agricultural Production Foodgrains Volume Karnataka,"Annual, Ending mar Of Each Year",Ton mn,,,,,,,,,,,,6.5621,10.495,13.489,9.599,12.186,11.275,10.955,13.88,12.1,10.93,
Agricultural Production Foodgrains Volume Madhya Pradesh,"Annual, Ending mar Of Each Year",Ton mn,,,,,,,,,,,,15.9567,14.1048,13.195,13.747,12.0705,13.9146,16.0178,14.95,20.39,23.42,
Agricultural Production Foodgrains Volume Maharashtra,"Annual, Ending mar Of Each Year",Ton mn,,,,,,,,,,,,10.323,10.5407,12.087,12.6451,15.1917,11.4276,12.5863,15.42,12.54,10.69,
Agricultural Production Foodgrains Volume Orissa,"Annual, Ending mar Of Each Year",Ton mn,,,,,,,,,,,,7.1569,6.8897,7.3597,7.3447,8.1433,7.3991,7.5531,7.62,6.41,8.35,
Agricultural Production Foodgrains Volume Punjab,"Annual, Ending mar Of Each Year",Ton mn,,,,,,,,,,,,24.7294,25.6707,25.1842,25.3131,26.8153,27.3298,26.95,27.87,28.39,28.07,
Agricultural Production Foodgrains Volume Rajasthan,"Annual, Ending mar Of Each Year",Ton mn,,,,,,,,,,,,17.9938,2.1508,11.445,14.2088,16.0587,16.6802,12.3501,18.83,19.47,18.03,
Agricultural Production Foodgrains Volume Tamil Nadu,"Annual, Ending mar Of Each Year",Ton mn,,,,,,,,,,,,4.4066,6.1758,6.1272,8.263,6.5823,7.1023,7.5114,7.59,10.15,6.29,
Agricultural Production Foodgrains Volume Uttar Pradesh,"Annual, Ending mar Of Each Year",Ton mn,,,,,,,,,,,,44.2465,37.8363,40.4102,41.2145,42.0948,46.7293,43.1953,47.25,50.28,50.84,
Agricultural Production Foodgrains Volume Uttaranchal,"Annual, Ending mar Of Each Year",Ton mn,,,,,,,,,,,,1.724,1.761,1.594,1.735,1.796,1.765,1.796,1.82,1.85,1.8,
Agricultural Production Foodgrains Volume West Bengal,"Annual, Ending mar Of Each Year",Ton mn,,,,,,,,,,,,16.0097,16.0554,15.6089,15.9745,16.0502,16.2956,15.7416,14.47,15.99,16.51,
Agricultural Production Foodgrains Volume Others,"Annual, Ending mar Of Each Year",Ton mn,,,,,,,,,5.29,6.05,5.45,,6.25,5.94,,,6.3125,5.3518,6.75,6.77,6.64,
Agricultural Production Foodgrains Yield Andhra Pradesh,"Annual, Ending mar Of Each Year",kg/ha,,,,,,,,,,,,2012.0,2138.0,2365.0,2231.0,2613.0,2744.0,2294.0,2530.0,2519.0,2616.0,
Agricultural Production Foodgrains Yield Assam,"Annual, Ending mar Of Each Year",kg/ha,,,,,,,,,,,,1472.0,1405.0,1416.0,1286.0,1378.0,1551.0,1662.0,1763.0,1704.0,1889.0,
Agricultural Production Foodgrains Yield Bihar,"Annual, Ending mar Of Each Year",kg/ha,,,,,,,,,,,,1601.0,1192.0,1311.0,1656.0,1546.0,1766.0,1530.0,1479.0,2098.0,2329.0,
Agricultural Production Foodgrains Yield Chhattisgarh,"Annual, Ending mar Of Each Year",kg/ha,,,,,,,,,,,,1231.0,979.0,1111.0,1148.0,1238.0,1041.0,1008.0,1424.0,1384.0,1514.0,
Agricultural Production Foodgrains Yield Gujarat,"Annual, Ending mar Of Each Year",kg/ha,,,,,,,,,,,,1629.0,1412.0,1551.0,1423.0,1831.0,1595.0,1560.0,1843.0,1874.0,1990.0,
Agricultural Production Foodgrains Yield Haryana,"Annual, Ending mar Of Each Year",kg/ha,,,,,,,,,,,,3068.0,3092.0,3045.0,3393.0,3420.0,3388.0,3383.0,3526.0,3879.0,3698.0,
Agricultural Production Foodgrains Yield Jharkhand,"Annual, Ending mar Of Each Year",kg/ha,,,,,,,,,,,,1490.0,1234.0,1073.0,1550.0,1709.0,1720.0,1330.0,1257.0,1798.0,1861.0,
Agricultural Production Foodgrains Yield Karnataka,"Annual, Ending mar Of Each Year",kg/ha,,,,,,,,,,,,954.0,1388.0,1776.0,1289.0,1548.0,1511.0,1377.0,1684.0,1629.0,1472.0,
Agricultural Production Foodgrains Yield Madhya Pradesh,"Annual, Ending mar Of Each Year",kg/ha,,,,,,,,,,,,1248.0,1131.0,1130.0,1167.0,1069.0,1168.0,1285.0,1162.0,1510.0,1657.0,
Agricultural Production Foodgrains Yield Maharashtra,"Annual, Ending mar Of Each Year",kg/ha,,,,,,,,,,,,860.0,836.0,948.0,940.0,1150.0,1001.0,1039.0,1184.0,1155.0,1057.0,
Agricultural Production Foodgrains Yield Orissa,"Annual, Ending mar Of Each Year",kg/ha,,,,,,,,,,,,1328.0,1300.0,1349.0,1369.0,1484.0,1363.0,1397.0,1432.0,1303.0,1658.0,
Agricultural Production Foodgrains Yield Punjab,"Annual, Ending mar Of Each Year",kg/ha,,,,,,,,,,,,3929.0,4040.0,3986.0,1359.0,4255.0,4231.0,4144.0,4280.0,4364.0,4258.0,
Agricultural Production Foodgrains Yield Rajasthan,"Annual, Ending mar Of Each Year",kg/ha,,,,,,,,,,,,1288.0,1008.0,919.0,4017.0,1180.0,1263.0,931.0,1249.0,1348.0,1482.0,
Agricultural Production Foodgrains Yield Tamil Nadu,"Annual, Ending mar Of Each Year",kg/ha,,,,,,,,,,,,1539.0,1874.0,1847.0,1354.0,2125.0,2225.0,2477.0,2393.0,3162.0,2175.0,
Agricultural Production Foodgrains Yield Uttar Pradesh,"Annual, Ending mar Of Each Year",kg/ha,,,,,,,,,,,,2192.0,1961.0,2057.0,2399.0,2206.0,2365.0,2236.0,2386.0,2498.0,2547.0,
Agricultural Production Foodgrains Yield Uttaranchal,"Annual, Ending mar Of Each Year",kg/ha,,,,,,,,,,,,1672.0,1697.0,1548.0,2057.0,1785.0,1715.0,1780.0,1841.0,1945.0,1939.0,
Agricultural Production Foodgrains Yield West Bengal,"Annual, Ending mar Of Each Year",kg/ha,,,,,,,,,,,,2421.0,2479.0,2423.0,1760.0,2525.0,2493.0,2522.0,2601.0,2645.0,2711.0,
Agricultural Production Foodgrains Rice Area,"Annual, Ending mar Of Each Year",ha mn,,,,,,,,,,,,,41.91,43.66,43.81,43.91,45.54,41.92,42.86,44.01,42.8,43.9
Agricultural Production Foodgrains Rice Volume,"Annual, Ending mar Of Each Year",Ton mn,,,,,,,,,,,,88.53,83.13,91.79,93.36,96.69,99.18,89.09,95.98,105.3,104.4,
Agricultural Production Foodgrains Rice Yield,"Annual, Ending mar Of Each Year",kg/ha,,,,,,,,,,,,,1984.0,2102.0,2131.0,2202.0,2178.0,2125.0,2239.0,2393.0,2462.0,2419.0
Agricultural Production Foodgrains Rice Area Andhra Pradesh,"Annual, Ending mar Of Each Year",ha mn,,,,,,,,,,,,2.98,3.09,3.98,3.98,3.98,4.39,3.441,4.751,4.1,3.49,
Agricultural Production Foodgrains Rice Area Assam,"Annual, Ending mar Of Each Year",ha mn,,,,,,,,,,,,2.53,2.38,2.42,2.19,2.32,2.48,2.4958,2.57,2.54,2.24,
Agricultural Production Foodgrains Rice Area Bihar,"Annual, Ending mar Of Each Year",ha mn,,,,,,,,,,,,3.56,3.12,3.25,3.36,3.57,3.5,3.2137,2.833,3.32,3.25,
Agricultural Production Foodgrains Rice Area Chhattisgarh,"Annual, Ending mar Of Each Year",ha mn,,,,,,,,,,,,3.72,3.75,3.75,3.72,3.75,3.73,3.6707,3.703,3.77,3.78,
Agricultural Production Foodgrains Rice Area Gujarat,"Annual, Ending mar Of Each Year",ha mn,,,,,,,,,,,,0.68,0.69,0.67,0.73,0.76,0.75,0.679,0.808,0.84,0.7,
Agricultural Production Foodgrains Rice Area Haryana,"Annual, Ending mar Of Each Year",ha mn,,,,,,,,,,,,1.02,1.03,1.05,1.04,1.08,1.21,1.205,1.245,1.24,1.22,
Agricultural Production Foodgrains Rice Area Jharkland,"Annual, Ending mar Of Each Year",ha mn,,,,,,,,,,,,1.36,1.29,1.35,1.62,1.65,1.68,0.995,0.72,1.47,1.35,
Agricultural Production Foodgrains Rice Area Karnataka,"Annual, Ending mar Of Each Year",ha mn,,,,,,,,,,,,1.15,1.31,1.49,1.4,1.42,1.51,1.487,1.54,1.42,1.27,
Agricultural Production Foodgrains Rice Area Kerala,"Annual, Ending mar Of Each Year",ha mn,,,,,,,,,,,,0.29,0.29,0.28,0.26,0.23,0.23,0.234,0.213,0.21,0.2,
Agricultural Production Foodgrains Rice Area Madhya Pradesh,"Annual, Ending mar Of Each Year",ha mn,,,,,,,,,,,,1.67,1.62,1.66,1.66,1.56,1.68,1.4457,1.603,1.66,1.88,
Agricultural Production Foodgrains Rice Area Maharashtra,"Annual, Ending mar Of Each Year",ha mn,,,,,,,,,,,,1.54,1.52,1.52,1.53,1.57,1.52,1.47,1.518,1.54,1.55,
Agricultural Production Foodgrains Rice Area Orissa,"Annual, Ending mar Of Each Year",ha mn,,,,,,,,,,,,4.5,4.47,4.48,4.45,4.45,4.45,4.3651,4.226,4.0,4.03,
Agricultural Production Foodgrains Rice Area Punjab,"Annual, Ending mar Of Each Year",ha mn,,,,,,,,,,,,2.61,2.65,2.64,2.62,2.61,2.74,2.802,2.831,2.82,2.85,
Agricultural Production Foodgrains Rice Area Tamil Nadu,"Annual, Ending mar Of Each Year",ha mn,,,,,,,,,,,,1.4,1.87,2.05,1.93,1.79,1.93,1.8455,1.906,1.9,1.58,
Agricultural Production Foodgrains Rice Area Uttar Pradesh,"Annual, Ending mar Of Each Year",ha mn,,,,,,,,,,,,5.95,5.34,5.58,5.92,5.71,6.03,5.1867,5.657,5.95,5.86,
Agricultural Production Foodgrains Rice Area West Bengal,"Annual, Ending mar Of Each Year",ha mn,,,,,,,,,,,,5.86,5.78,5.78,5.69,5.72,5.94,5.6301,4.944,5.43,5.43,
Agricultural Production Foodgrains Rice Area Others,"Annual, Ending mar Of Each Year",ha mn,,,,,,,,,,,,1.68,1.71,1.71,1.71,1.74,1.75,1.7521,1.7952,1.8,1.73,
Agricultural Production Foodgrains Rice Volume Andhra Pradesh,"Annual, Ending mar Of Each Year",Ton th,,,,,,,,,,,,8953.0,9601.0,11704.0,11872.0,13324.0,14241.0,10538.0,14418.0,12900.0,10910.0,
Agricultural Production Foodgrains Rice Volume Arunachal Pradesh,"Annual, Ending mar Of Each Year",Ton th,,,,,,,,,,134.6,152.5,154.6,135.0,146.2,146.2,158.1,163.9,215.8,234.0,,,
Agricultural Production Foodgrains Rice Volume Assam,"Annual, Ending mar Of Each Year",Ton th,,,,,,,,,,,,3880.0,3470.7,3552.5,2916.0,3319.0,4008.5,4335.8,4737.0,4520.0,4560.0,
Agricultural Production Foodgrains Rice Volume Bihar,"Annual, Ending mar Of Each Year",Ton th,,,,,,,,,,,,5447.8,2472.2,3495.5,4989.3,4418.1,5590.3,3599.3,3102.0,7160.0,7340.0,
Agricultural Production Foodgrains Rice Volume Chhattisgarh,"Annual, Ending mar Of Each Year",Ton th,,,,,,,,,,,,5567.6,4383.3,5011.6,5041.4,5426.6,4391.8,4110.4,6159.0,6030.0,6610.0,
Agricultural Production Foodgrains Rice Volume Goa,"Annual, Ending mar Of Each Year",Ton th,,,,,,,,,,126.5,134.8,170.7,145.2,147.3,130.3,121.6,123.3,100.6,115.0,,,
Agricultural Production Foodgrains Rice Volume Gujarat,"Annual, Ending mar Of Each Year",Ton th,,,,,,,,,,,,1277.0,1238.2,1298.0,1390.0,1474.0,1303.0,1292.0,1497.0,1790.0,1500.0,
Agricultural Production Foodgrains Rice Volume Haryana,"Annual, Ending mar Of Each Year",Ton th,,,,,,,,,,,,2790.0,3023.0,3210.0,3371.0,3613.0,3298.0,3625.0,3472.0,3760.0,3980.0,
Agricultural Production Foodgrains Rice Volume Himachal Pradesh,"Annual, Ending mar Of Each Year",Ton th,,,,,,,,,,,,120.6,122.0,112.1,123.5,121.5,118.3,105.9,129.0,131.6,134.3,
Agricultural Production Foodgrains Rice Volume Jammu and Kashmir,"Annual, Ending mar Of Each Year",Ton th,,,,,,,,,,,,504.2,492.2,556.8,554.0,561.3,563.1,497.4,508.0,544.7,545.6,
Agricultural Production Foodgrains Rice Volume Jharkhand,"Annual, Ending mar Of Each Year",Ton th,,,,,,,,,,,,2310.0,1677.0,1558.0,2967.8,3336.4,3420.2,1538.4,1110.0,3130.0,3030.0,
Agricultural Production Foodgrains Rice Volume Karnataka,"Annual, Ending mar Of Each Year",Ton th,,,,,,,,,,,,2550.3,3547.0,5744.0,3446.0,3717.0,3802.0,3691.0,4188.0,3960.0,3280.0,
Agricultural Production Foodgrains Rice Volume Kerala,"Annual, Ending mar Of Each Year",Ton th,,,,,,,,,,,,570.0,667.1,629.9,631.0,528.5,590.3,598.3,523.0,570.0,530.0,
Agricultural Production Foodgrains Rice Volume Madhya Pradesh,"Annual, Ending mar Of Each Year",Ton th,,,,,,,,,,,,1750.3,1169.0,1656.3,1368.4,1461.9,1559.7,1260.6,1772.0,2230.0,2780.0,
Agricultural Production Foodgrains Rice Volume Maharashtra,"Annual, Ending mar Of Each Year",Ton th,,,,,,,,,,,,2835.0,2164.0,2695.0,2569.0,2996.0,2284.0,2183.0,2696.0,2840.0,3040.0,
Agricultural Production Foodgrains Rice Volume Manipur,"Annual, Ending mar Of Each Year",Ton th,,,,,,,,,,387.3,332.6,381.2,435.9,388.1,386.1,406.2,397.0,319.9,522.0,,,
Agricultural Production Foodgrains Rice Volume Meghalaya,"Annual, Ending mar Of Each Year",Ton th,,,,,,,,,,189.0,190.9,200.7,193.7,151.9,200.2,200.0,203.9,206.7,206.7,,,
Agricultural Production Foodgrains Rice Volume Mizoram,"Annual, Ending mar Of Each Year",Ton th,,,,,,,,,,105.7,109.2,114.6,104.1,99.2,29.5,15.7,46.0,44.4,47.0,,,
Agricultural Production Foodgrains Rice Volume Nagaland,"Annual, Ending mar Of Each Year",Ton th,,,,,,,,,,237.3,225.0,248.0,259.8,263.1,263.5,290.6,345.1,240.3,381.0,,,
Agricultural Production Foodgrains Rice Volume Orissa,"Annual, Ending mar Of Each Year",Ton th,,,,,,,,,,,,6733.7,6466.0,6859.0,6824.7,7540.7,6812.7,6917.5,6828.0,6830.0,7640.0,
Agricultural Production Foodgrains Rice Volume Punjab,"Annual, Ending mar Of Each Year",Ton th,,,,,,,,,,,,9656.0,10437.0,10193.0,10138.0,10489.0,11000.0,11236.0,10837.0,10540.0,11370.0,
Agricultural Production Foodgrains Rice Volume Rajasthan,"Annual, Ending mar Of Each Year",Ton th,,,,,,,,,,,,164.8,150.4,153.0,169.8,259.6,241.1,228.3,266.0,253.4,222.5,
Agricultural Production Foodgrains Rice Volume Sikkim,"Annual, Ending mar Of Each Year",Ton th,,,,,,,,,,22.3,21.2,21.2,21.6,21.5,21.5,22.9,21.7,24.3,21.0,,,
Agricultural Production Foodgrains Rice Volume Tamil Nadu,"Annual, Ending mar Of Each Year",Ton th,,,,,,,,,,,,3222.8,5062.2,5220.0,6610.6,5040.2,5182.7,5665.2,5792.0,7460.0,4400.0,
Agricultural Production Foodgrains Rice Volume Tripura,"Annual, Ending mar Of Each Year",Ton th,,,,,,,,,,587.4,602.3,516.6,545.1,552.9,620.5,624.6,627.1,640.0,703.0,,,
Agricultural Production Foodgrains Rice Volume Union Territories,"Annual, Ending mar Of Each Year",Ton th,,,,,,,,,,146.0,135.3,135.2,136.6,140.0,149.1,133.9,131.5,123.1,129.7,,,
Agricultural Production Foodgrains Rice Volume Uttar Pradesh,"Annual, Ending mar Of Each Year",Ton th,,,,,,,,,,,,13018.8,9555.6,11133.7,11124.0,11780.0,13097.0,10807.1,11992.0,14020.0,14410.0,
Agricultural Production Foodgrains Rice Volume Uttaranchal,"Annual, Ending mar Of Each Year",Ton th,,,,,,,,,,,,569.0,572.0,590.0,556.0,593.0,582.0,608.0,550.0,599.0,581.0,
Agricultural Production Foodgrains Rice Volume West Bengal,"Annual, Ending mar Of Each Year",Ton th,,,,,,,,,,,,14662.3,14884.8,14510.8,14745.9,14719.5,15037.2,14340.7,13046.0,14610.0,14960.0,
Agricultural Production Foodgrains Rice Yield Andhra Pradesh,"Annual, Ending mar Of Each Year",kg/ha,,,,,,,,,,,,3009.0,3111.0,2939.0,2984.0,3344.0,3246.0,3062.0,3036.0,3146.0,3126.0,
Agricultural Production Foodgrains Rice Yield Assam,"Annual, Ending mar Of Each Year",kg/ha,,,,,,,,,,,,1534.0,1460.0,1468.0,1332.0,1428.0,1614.0,1737.0,1844.0,1780.0,2036.0,
Agricultural Production Foodgrains Rice Yield Bihar,"Annual, Ending mar Of Each Year",kg/ha,,,,,,,,,,,,1523.0,792.0,1075.0,1486.0,1237.0,1599.0,1120.0,1095.0,2157.0,2258.0,
Agricultural Production Foodgrains Rice Yield Chhattisgarh,"Annual, Ending mar Of Each Year",kg/ha,,,,,,,,,,,,1454.0,1170.0,1337.0,1354.0,1446.0,1176.0,1120.0,1665.0,1599.0,1749.0,
Agricultural Production Foodgrains Rice Yield Gujarat,"Annual, Ending mar Of Each Year",kg/ha,,,,,,,,,,,,1891.0,1806.0,1949.0,1894.0,1942.0,1744.0,1903.0,1852.0,2131.0,2143.0,
Agricultural Production Foodgrains Rice Yield Haryana,"Annual, Ending mar Of Each Year",kg/ha,,,,,,,,,,,,2749.0,2941.0,3051.0,3238.0,3361.0,2726.0,3008.0,2776.0,3032.0,3262.0,
Agricultural Production Foodgrains Rice Yield Jharkland,"Annual, Ending mar Of Each Year",kg/ha,,,,,,,,,,,,1695.0,1305.0,1150.0,1828.0,2018.0,2031.0,1546.0,1542.0,2129.0,2244.0,
Agricultural Production Foodgrains Rice Yield Karnataka,"Annual, Ending mar Of Each Year",kg/ha,,,,,,,,,,,,2375.0,2712.0,3868.0,2470.0,2625.0,2511.0,2482.0,2721.0,2789.0,2583.0,
Agricultural Production Foodgrains Rice Yield Kerala,"Annual, Ending mar Of Each Year",kg/ha,,,,,,,,,,,,1983.0,2301.0,2284.0,2390.0,2310.0,2519.0,2557.0,2476.0,2714.0,2650.0,
Agricultural Production Foodgrains Rice Yield Madhya Pradesh,"Annual, Ending mar Of Each Year",kg/ha,,,,,,,,,,,,1018.0,720.0,999.0,824.0,938.0,927.0,872.0,1106.0,1343.0,1479.0,
Agricultural Production Foodgrains Rice Yield Maharashtra,"Annual, Ending mar Of Each Year",kg/ha,,,,,,,,,,,,1853.0,1425.0,1779.0,1680.0,1903.0,1501.0,1485.0,1776.0,1844.0,1961.0,
Agricultural Production Foodgrains Rice Yield Orissa,"Annual, Ending mar Of Each Year",kg/ha,,,,,,,,,,,,1496.0,1446.0,1531.0,1534.0,1694.0,1529.0,1585.0,1615.0,1708.0,1896.0,
Agricultural Production Foodgrains Rice Yield Punjab,"Annual, Ending mar Of Each Year",kg/ha,,,,,,,,,,,,3694.0,3943.0,3858.0,3868.0,4019.0,4022.0,4010.0,3830.0,3738.0,3989.0,
Agricultural Production Foodgrains Rice Yield Tamil Nadu,"Annual, Ending mar Of Each Year",kg/ha,,,,,,,,,,,,2308.0,2703.0,2546.0,3423.0,2817.0,2683.0,3070.0,3031.0,3926.0,2785.0,
Agricultural Production Foodgrains Rice Yield Uttar Pradesh,"Annual, Ending mar Of Each Year",kg/ha,,,,,,,,,,,,2187.0,1790.0,1996.0,1879.0,2063.0,2171.0,2084.0,2118.0,2356.0,2459.0,
Agricultural Production Foodgrains Rice Yield West Bengal,"Annual, Ending mar Of Each Year",kg/ha,,,,,,,,,,,,2504.0,2574.0,2509.0,2593.0,2573.0,2533.0,2547.0,2642.0,2691.0,2755.0,
Agricultural Production Foodgrains Wheat Area,"Annual, Ending mar Of Each Year",ha mn,,,,,,,,,,,,,26.38,26.48,27.99,28.04,27.75,28.46,29.07,29.86,30.0,31.3
Agricultural Production Foodgrains Wheat Volume,"Annual, Ending mar Of Each Year",Ton mn,,,,,,,,,,,,72.16,68.64,69.35,75.81,78.57,80.68,80.8,86.87,94.88,92.46,
Agricultural Production Foodgrains Wheat Yield,"Annual, Ending mar Of Each Year",kg/ha,,,,,,,,,,,,,2602.0,2619.0,2708.0,2802.0,2907.0,2839.0,2989.0,3131.0,3117.0,3059.0
Agricultural Production Foodgrains Wheat Area Assam,"Annual, Ending mar Of Each Year",ha mn,,,,,,,,,,,,0.07,0.06,0.05,0.06,0.06,0.05,0.0584,0.045,0.05,0.05,
Agricultural Production Foodgrains Wheat Area Bihar,"Annual, Ending mar Of Each Year",ha mn,,,,,,,,,,,,2.12,2.03,2.0,2.05,2.16,2.16,2.1933,2.104,2.14,2.22,
Agricultural Production Foodgrains Wheat Area Gujarat,"Annual, Ending mar Of Each Year",ha mn,,,,,,,,,,,,0.76,0.73,0.92,1.2,1.27,1.09,0.878,1.274,1.35,1.05,
Agricultural Production Foodgrains Wheat Area Haryana,"Annual, Ending mar Of Each Year",ha mn,,,,,,,,,,,,2.3,2.32,2.3,2.38,2.46,2.46,2.492,2.515,2.52,2.5,
Agricultural Production Foodgrains Wheat Area Himachal Pradesh,"Annual, Ending mar Of Each Year",ha mn,,,,,,,,,,,,0.36,0.36,0.36,0.36,0.37,0.36,0.3525,0.357,0.36,0.36,
Agricultural Production Foodgrains Wheat Area Jammu and Kashmir,"Annual, Ending mar Of Each Year",ha mn,,,,,,,,,,,,0.26,0.25,0.25,0.26,0.28,0.28,0.2889,0.291,0.3,0.3,
Agricultural Production Foodgrains Wheat Area Jharkhand,"Annual, Ending mar Of Each Year",ha mn,,,,,,,,,,,,0.08,0.06,0.06,0.08,0.09,0.1,0.0997,0.096,0.16,0.16,
Agricultural Production Foodgrains Wheat Area Karnataka,"Annual, Ending mar Of Each Year",ha mn,,,,,,,,,,,,0.23,0.24,0.25,0.27,0.28,0.27,0.283,0.255,0.23,0.23,
Agricultural Production Foodgrains Wheat Area Madhya Pradesh,"Annual, Ending mar Of Each Year",ha mn,,,,,,,,,,,,4.05,4.14,3.69,3.99,3.74,3.79,4.2759,4.341,4.89,5.3,
Agricultural Production Foodgrains Wheat Area Maharashtra,"Annual, Ending mar Of Each Year",ha mn,,,,,,,,,,,,0.67,0.76,0.93,1.23,1.25,1.02,1.081,1.307,0.84,0.59,
Agricultural Production Foodgrains Wheat Area Punjab,"Annual, Ending mar Of Each Year",ha mn,,,,,,,,,,,,3.44,3.48,3.47,3.47,3.49,3.53,3.522,3.51,3.53,3.52,
Agricultural Production Foodgrains Wheat Area Rajasthan,"Annual, Ending mar Of Each Year",ha mn,,,,,,,,,,,,2.1,2.01,2.12,2.56,2.59,2.29,2.3942,2.479,2.94,2.82,
Agricultural Production Foodgrains Wheat Area Uttar Pradesh,"Annual, Ending mar Of Each Year",ha mn,,,,,,,,,,,,9.15,9.0,9.16,9.2,9.12,9.51,9.668,9.637,9.73,9.73,
Agricultural Production Foodgrains Wheat Area Uttaranchal,"Annual, Ending mar Of Each Year",ha mn,,,,,,,,,,,,0.4,0.39,0.4,0.39,0.4,0.4,0.395,0.379,0.37,0.36,
Agricultural Production Foodgrains Wheat Area West Bengal,"Annual, Ending mar Of Each Year",ha mn,,,,,,,,,,,,0.43,0.4,0.37,0.35,0.35,0.31,0.3159,0.317,0.32,0.32,
Agricultural Production Foodgrains Wheat Area Others,"Annual, Ending mar Of Each Year",ha mn,,,,,,,,,,,,0.16,0.15,0.15,0.14,0.13,0.14,0.1592,0.162,0.13,0.14,
Agricultural Production Foodgrains Wheat Volume Arunachal Pradesh,"Annual, Ending mar Of Each Year",Ton th,,,,,,,,,,5.3,6.3,6.3,8.7,6.1,6.3,5.3,5.2,4.8,6.0,,,
Agricultural Production Foodgrains Wheat Volume Assam,"Annual, Ending mar Of Each Year",Ton th,,,,,,,,,,,,73.0,68.1,53.7,67.0,71.0,54.6,63.5,53.0,60.0,60.0,
Agricultural Production Foodgrains Wheat Volume Bihar,"Annual, Ending mar Of Each Year",Ton th,,,,,,,,,,,,3688.9,3263.4,3239.0,3911.4,4450.4,4410.0,4570.8,4098.0,4730.0,5380.0,
Agricultural Production Foodgrains Wheat Volume Chhattisgarh,"Annual, Ending mar Of Each Year",Ton th,,,,,,,,,,,,108.6,82.4,90.7,91.7,98.8,92.5,121.9,127.0,128.6,141.3,
Agricultural Production Foodgrains Wheat Volume Goa,"Annual, Ending mar Of Each Year",Ton th,0.0,0.0,0.0,0.0,0.0,0.0,0.0,0.0,0.0,0.0,,,,,,,,,,,,
Agricultural Production Foodgrains Wheat Volume Gujarat,"Annual, Ending mar Of Each Year",Ton th,,,,,,,,,,,,2036.5,1805.5,2473.0,3000.0,3838.0,2593.0,2352.0,4020.0,4070.0,3140.0,
Agricultural Production Foodgrains Wheat Volume Haryana,"Annual, Ending mar Of Each Year",Ton th,,,,,,,,,,,,9114.0,9058.0,8857.0,10055.0,10236.0,10808.2,10500.0,11630.0,12690.0,11120.0,
Agricultural Production Foodgrains Wheat Volume Himachal Pradesh,"Annual, Ending mar Of Each Year",Ton th,,,,,,,,,,,,498.0,684.0,679.0,501.6,504.4,547.3,327.1,547.0,600.0,540.0,
Agricultural Production Foodgrains Wheat Volume Jammu and Kashmir,"Annual, Ending mar Of Each Year",Ton th,,,,,,,,,,,,459.4,474.4,444.0,492.2,495.9,483.6,289.9,446.0,500.0,420.0,
Agricultural Production Foodgrains Wheat Volume Jharkhand,"Annual, Ending mar Of Each Year",Ton th,,,,,,,,,,,,118.0,150.0,77.7,128.9,139.9,153.9,173.2,158.0,300.0,270.0,
Agricultural Production Foodgrains Wheat Volume Karnataka,"Annual, Ending mar Of Each Year",Ton th,,,,,,,,,,,,96.2,179.0,217.0,205.0,261.0,247.0,251.0,279.0,190.0,170.0,
Agricultural Production Foodgrains Wheat Volume Kerala,"Annual, Ending mar Of Each Year",Ton th,0.0,0.0,0.0,0.0,0.0,0.0,0.0,0.0,0.0,0.0,,,,,,,,,,,,
Agricultural Production Foodgrains Wheat Volume Madhya Pradesh,"Annual, Ending mar Of Each Year",Ton th,,,,,,,,,,,,7364.6,7176.6,5957.7,7325.9,6032.5,6521.9,8410.0,7627.0,11540.0,13130.0,
Agricultural Production Foodgrains Wheat Volume Maharashtra,"Annual, Ending mar Of Each Year",Ton th,,,,,,,,,,,,778.0,1016.0,1300.0,1631.1,2078.7,1516.0,1740.0,2301.0,1310.0,880.0,
Agricultural Production Foodgrains Wheat Volume Manipur,"Annual, Ending mar Of Each Year",Ton th,,0.0,0.0,0.0,0.0,0.0,0.0,0.0,0.0,0.0,,,,,,,,,5.0,,,
Agricultural Production Foodgrains Wheat Volume Meghalaya,"Annual, Ending mar Of Each Year",Ton th,,,,,,,,,,4.8,4.7,1.5,1.6,1.2,1.2,1.1,0.7,0.7,0.7,,,
Agricultural Production Foodgrains Wheat Volume Mizoram,"Annual, Ending mar Of Each Year",Ton th,0.0,0.0,0.0,0.0,0.0,0.0,0.0,0.0,0.0,0.0,,,,,,,,,,,,
Agricultural Production Foodgrains Wheat Volume Nagaland,"Annual, Ending mar Of Each Year",Ton th,,,,,,,,,,15.0,17.0,20.0,13.0,1.9,1.3,1.6,2.1,2.4,5.0,,,
Agricultural Production Foodgrains Wheat Volume Orissa,"Annual, Ending mar Of Each Year",Ton th,,,,,,,,,,,,7.5,5.0,4.5,5.8,8.7,7.4,5.8,4.0,2.7,2.1,
Agricultural Production Foodgrains Wheat Volume Punjab,"Annual, Ending mar Of Each Year",Ton th,,,,,,,,,,,,14489.0,14698.0,14493.0,14596.0,15720.0,15733.0,15169.0,16472.0,17280.0,16110.0,
Agricultural Production Foodgrains Wheat Volume Rajasthan,"Annual, Ending mar Of Each Year",Ton th,,,,,,,,,,,,5875.8,5706.6,5865.3,7055.8,7124.9,7287.0,7500.9,7215.0,9320.0,8950.0,
Agricultural Production Foodgrains Wheat Volume Sikkim,"Annual, Ending mar Of Each Year",Ton th,,,,,,,,,,9.8,8.9,8.1,8.3,9.0,9.0,4.5,7.8,5.9,3.0,,,
Agricultural Production Foodgrains Wheat Volume Tamil Nadu,"Annual, Ending mar Of Each Year",Ton th,,,,,0.0,0.1,0.0,0.0,0.1,0.0,0.0,0.0,0.0,0.0,,,,,,,,
Agricultural Production Foodgrains Wheat Volume Tripura,"Annual, Ending mar Of Each Year",Ton th,,,,,,,,,2.2,2.5,1.8,5.1,2.8,2.9,1.8,,1.2,1.3,1.3,,,
Agricultural Production Foodgrains Wheat Volume Union Territories,"Annual, Ending mar Of Each Year",Ton th,,,,,,,,,,33.0,81.1,103.3,72.1,80.5,78.8,79.2,75.5,93.7,111.0,,,
Agricultural Production Foodgrains Wheat Volume Uttar Pradesh,"Annual, Ending mar Of Each Year",Ton th,,,,,,,,,,,,25566.7,22513.9,24073.8,25031.0,25679.0,28554.0,27518.0,30001.0,30290.0,30300.0,
Agricultural Production Foodgrains Wheat Volume Uttaranchal,"Annual, Ending mar Of Each Year",Ton th,,,,,,,,,,,,745.0,803.0,645.0,801.0,814.0,797.0,845.0,878.0,880.0,840.0,
Agricultural Production Foodgrains Wheat Volume West Bengal,"Annual, Ending mar Of Each Year",Ton th,,,,,,,,,,,,985.7,841.5,773.5,799.9,917.3,764.5,846.7,874.0,870.0,910.0,
Agricultural Production Foodgrains Wheat Yield Assam,"Annual, Ending mar Of Each Year",kg/ha,,,,,,,,,,,,1043.0,1066.0,1074.0,1117.0,1268.0,1090.0,1087.0,1179.0,1147.0,1188.0,
Agricultural Production Foodgrains Wheat Yield Bihar,"Annual, Ending mar Of Each Year",kg/ha,,,,,,,,,,,,1776.0,1609.0,1617.0,1908.0,2058.0,2043.0,2084.0,1948.0,2206.0,2427.0,
Agricultural Production Foodgrains Wheat Yield Gujarat,"Annual, Ending mar Of Each Year",kg/ha,,,,,,,,,,,,2681.0,2482.0,2700.0,2498.0,3013.0,2377.0,2679.0,3155.0,3014.0,2986.0,
Agricultural Production Foodgrains Wheat Yield Haryana,"Annual, Ending mar Of Each Year",kg/ha,,,,,,,,,,,,3937.0,3901.0,3844.0,4232.0,4158.0,4390.0,4213.0,4624.0,5030.0,4452.0,
Agricultural Production Foodgrains Wheat Yield Himachal Pradesh,"Annual, Ending mar Of Each Year",kg/ha,,,,,,,,,,,,1380.0,1890.0,1894.0,1385.0,1376.0,1520.0,928.0,1530.0,1671.0,1514.0,
Agricultural Production Foodgrains Wheat Yield Jammu and Kashmir,"Annual, Ending mar Of Each Year",kg/ha,,,,,,,,,,,,1804.0,1910.0,1790.0,1893.0,1782.0,1735.0,1003.0,1535.0,1689.0,1404.0,
Agricultural Production Foodgrains Wheat Yield Jharkhand,"Annual, Ending mar Of Each Year",kg/ha,,,,,,,,,,,,552.0,2381.0,1340.0,1529.0,1621.0,1541.0,1738.0,1642.0,1908.0,1716.0,
Agricultural Production Foodgrains Wheat Yield Karnataka,"Annual, Ending mar Of Each Year",kg/ha,,,,,,,,,,,,415.0,740.0,858.0,762.0,946.0,918.0,887.0,1094.0,858.0,735.0,
Agricultural Production Foodgrains Wheat Yield Madhya Pradesh,"Annual, Ending mar Of Each Year",kg/ha,,,,,,,,,,,,1800.0,1735.0,1613.0,1835.0,1612.0,1723.0,1967.0,1757.0,2360.0,2478.0,
Agricultural Production Foodgrains Wheat Yield Maharashtra,"Annual, Ending mar Of Each Year",kg/ha,,,,,,,,,,,,1170.0,1344.0,1393.0,1325.0,1659.0,1483.0,1610.0,1761.0,1558.0,1473.0,
Agricultural Production Foodgrains Wheat Yield Punjab,"Annual, Ending mar Of Each Year",kg/ha,,,,,,,,,,,,4207.0,4221.0,4179.0,4210.0,4507.0,4462.0,4307.0,4693.0,4898.0,4573.0,
Agricultural Production Foodgrains Wheat Yield Rajasthan,"Annual, Ending mar Of Each Year",kg/ha,,,,,,,,,,,,2794.0,2839.0,2762.0,2751.0,2749.0,3175.0,3133.0,2910.0,3175.0,3175.0,
Agricultural Production Foodgrains Wheat Yield Uttar Pradesh,"Annual, Ending mar Of Each Year",kg/ha,,,,,,,,,,,,2794.0,2502.0,2627.0,2721.0,2817.0,3002.0,2846.0,3113.0,3113.0,3113.0,
Agricultural Production Foodgrains Wheat Yield Uttaranchal,"Annual, Ending mar Of Each Year",kg/ha,,,,,,,,,,,,1877.0,2038.0,1633.0,2049.0,2050.0,2003.0,2139.0,2316.0,2379.0,2341.0,
Agricultural Production Foodgrains Wheat Yield West Bengal,"Annual, Ending mar Of Each Year",kg/ha,,,,,,,,,,,,2315.0,2103.0,2109.0,2282.0,2602.0,2490.0,2680.0,2760.0,2765.0,2817.0,
Agricultural Production Foodgrains Coarse Cereals Area,"Annual, Ending mar Of Each Year",ha mn,,,,,,,,,,,,,29.03,29.04,28.71,28.48,27.45,27.68,28.34,26.42,24.8,25.5
Agricultural Production Foodgrains Coarse Cereals Volume,"Annual, Ending mar Of Each Year",Ton mn,,,,,,,,,,,,37.6,33.47,34.07,33.92,40.75,40.04,33.55,43.4,42.01,40.08,
Agricultural Production Foodgrains Coarse Cereals Yield,"Annual, Ending mar Of Each Year",kg/ha,,,,,,,,,,,,,1153.0,1172.0,1182.0,1431.0,1459.0,1212.0,1531.0,1590.0,1626.0,1672.0
Agricultural Production Foodgrains Coarse Cereals Area Andhra Pradesh,"Annual, Ending mar Of Each Year",ha mn,,,,,,,,,,,,1.64,1.37,1.39,1.3,1.28,1.27,1.28,1.14,1.25,1.41,
Agricultural Production Foodgrains Coarse Cereals Area Bihar,"Annual, Ending mar Of Each Year",ha mn,,,,,,,,,,,,0.65,0.66,0.7,0.69,0.69,0.68,0.66,0.69,0.71,0.72,
Agricultural Production Foodgrains Coarse Cereals Area Chhattisgarh,"Annual, Ending mar Of Each Year",ha mn,,,,,,,,,,,,0.37,0.35,0.35,0.33,0.32,0.28,0.27,0.28,0.27,0.26,
Agricultural Production Foodgrains Coarse Cereals Area Gujarat,"Annual, Ending mar Of Each Year",ha mn,,,,,,,,,,,,1.77,1.6,1.61,1.63,1.57,1.44,1.4,1.55,1.59,1.25,
Agricultural Production Foodgrains Coarse Cereals Area Haryana,"Annual, Ending mar Of Each Year",ha mn,,,,,,,,,,,,0.77,0.71,0.72,0.76,0.77,0.76,0.71,0.78,0.69,0.52,
Agricultural Production Foodgrains Coarse Cereals Area Himachal Pradesh,"Annual, Ending mar Of Each Year",ha mn,,,,,,,,,,,,0.34,0.36,0.33,0.33,0.33,0.33,0.32,0.33,0.32,0.31,
Agricultural Production Foodgrains Coarse Cereals Area Jammu and Kashmir,"Annual, Ending mar Of Each Year",ha mn,,,,,,,,,,,,0.35,0.36,0.35,0.37,0.35,0.36,0.36,0.35,0.35,0.35,
Agricultural Production Foodgrains Coarse Cereals Area Jharkhand,"Annual, Ending mar Of Each Year",ha mn,,,,,,,,,,,,0.25,0.25,0.22,0.29,0.29,0.26,0.21,0.25,0.23,0.25,
Agricultural Production Foodgrains Coarse Cereals Area Karnataka,"Annual, Ending mar Of Each Year",ha mn,,,,,,,,,,,,3.66,3.91,3.88,3.41,3.8,3.59,3.71,3.65,3.48,3.59,
Agricultural Production Foodgrains Coarse Cereals Area Madhya Pradesh,"Annual, Ending mar Of Each Year",ha mn,,,,,,,,,,,,2.34,2.19,2.04,2.02,1.96,1.89,1.8,1.76,1.77,1.64,
Agricultural Production Foodgrains Coarse Cereals Area Maharashtra,"Annual, Ending mar Of Each Year",ha mn,,,,,,,,,,,,6.49,6.95,6.87,6.86,6.32,5.79,6.19,6.17,5.2,4.69,
Agricultural Production Foodgrains Coarse Cereals Area Orissa,"Annual, Ending mar Of Each Year",ha mn,,,,,,,,,,,,0.17,0.18,0.17,0.16,0.17,0.16,0.17,0.21,0.19,0.18,
Agricultural Production Foodgrains Coarse Cereals Area Punjab,"Annual, Ending mar Of Each Year",ha mn,,,,,,,,,,,,0.19,0.19,0.18,0.18,0.18,0.18,0.16,0.15,0.14,0.15,
Agricultural Production Foodgrains Coarse Cereals Area Rajasthan,"Annual, Ending mar Of Each Year",ha mn,,,,,,,,,,,,7.9,6.37,6.77,6.82,7.02,7.1,7.23,7.7,6.91,5.98,
Agricultural Production Foodgrains Coarse Cereals Area Tamil Nadu,"Annual, Ending mar Of Each Year",ha mn,,,,,,,,,,,,0.95,0.82,0.74,0.7,0.7,0.72,0.65,0.63,0.64,0.7,
Agricultural Production Foodgrains Coarse Cereals Area Uttar Pradesh,"Annual, Ending mar Of Each Year",ha mn,,,,,,,,,,,,2.39,2.15,2.15,2.2,2.1,1.99,1.93,2.06,2.03,2.0,
Agricultural Production Foodgrains Coarse Cereals Area Uttaranchal,"Annual, Ending mar Of Each Year",ha mn,,,,,,,,,,,,0.3,0.29,0.27,0.26,0.26,0.27,0.26,0.26,0.25,0.25,
Agricultural Production Foodgrains Coarse Cereals Area West Bengal,"Annual, Ending mar Of Each Year",ha mn,,,,,,,,,,,,0.06,0.07,0.07,0.11,0.1,0.11,0.11,0.1,0.11,0.12,
Agricultural Production Foodgrains Coarse Cereals Area Others,"Annual, Ending mar Of Each Year",ha mn,,,,,,,,,,,,0.22,0.25,4.13,3.7,0.27,0.26,0.26,0.37,0.29,0.27,
Agricultural Production Foodgrains Coarse Cereals Volume Andhra Pradesh,"Annual, Ending mar Of Each Year",Ton th,,,,,,,,,,,,3498.0,2771.0,3862.0,3001.0,4274.0,4716.0,3318.0,4348.8,4230.0,5440.0,
Agricultural Production Foodgrains Coarse Cereals Volume Arunachal Pradesh,"Annual, Ending mar Of Each Year",Ton th,,,,,,,,65.4,69.6,70.4,75.8,75.8,76.4,80.3,84.9,76.8,77.7,,,,,
Agricultural Production Foodgrains Coarse Cereals Volume Assam,"Annual, Ending mar Of Each Year",Ton th,,,,,,,,,,,,18.0,18.0,17.6,18.0,17.0,15.4,17.0,17.0,16.0,17.0,
Agricultural Production Foodgrains Coarse Cereals Volume Bihar,"Annual, Ending mar Of Each Year",Ton th,,,,,,,,,,,,1513.3,1501.9,1405.5,1759.7,1498.5,1751.3,1508.1,1338.2,1650.0,2370.0,
Agricultural Production Foodgrains Coarse Cereals Volume Chhattisgarh,"Annual, Ending mar Of Each Year",Ton th,,,,,,,,,,,,212.9,189.5,159.3,178.3,229.7,184.4,181.8,205.4,210.0,240.0,
Agricultural Production Foodgrains Coarse Cereals Volume Goa,"Annual, Ending mar Of Each Year",Ton th,,,,,,,,1.9,1.3,1.1,1.1,1.2,1.1,1.0,0.8,0.7,0.8,,,,,
Agricultural Production Foodgrains Coarse Cereals Volume Gujarat,"Annual, Ending mar Of Each Year",Ton th,,,,,,,,,,,,2635.4,1734.5,1836.0,1516.0,2151.0,1976.0,1600.0,1755.2,2230.0,2070.0,
Agricultural Production Foodgrains Coarse Cereals Volume Haryana,"Annual, Ending mar Of Each Year",Ton th,,,,,,,,,,,,1146.0,882.0,813.0,1197.0,1357.0,1329.4,1132.0,1369.0,1390.0,1000.0,
Agricultural Production Foodgrains Coarse Cereals Volume Himachal Pradesh,"Annual, Ending mar Of Each Year",Ton th,,,,,,,,,,,,771.8,788.2,570.7,728.2,896.2,712.1,563.5,713.5,750.0,670.0,
Agricultural Production Foodgrains Coarse Cereals Volume Jammu and Kashmir,"Annual, Ending mar Of Each Year",Ton th,,,,,,,,,,,,552.7,517.3,467.7,512.3,499.5,660.4,513.3,550.7,530.0,540.0,
Agricultural Production Foodgrains Coarse Cereals Volume Jharkhand,"Annual, Ending mar Of Each Year",Ton th,,,,,,,,,,,,342.0,324.1,259.6,332.0,386.4,333.9,216.9,268.2,330.0,410.0,
Agricultural Production Foodgrains Coarse Cereals Volume Karnataka,"Annual, Ending mar Of Each Year",Ton th,,,,,,,,,,,,3346.4,5977.0,6564.0,5055.0,6943.0,6254.0,5895.0,7501.0,6810.0,6150.0,
Agricultural Production Foodgrains Coarse Cereals Volume Kerala,"Annual, Ending mar Of Each Year",Ton th,,,,,,,,,,,,4.0,0.9,1.5,1.1,2.8,1.7,0.9,0.7,0.6,0.3,
Agricultural Production Foodgrains Coarse Cereals Volume Madhya Pradesh,"Annual, Ending mar Of Each Year",Ton th,,,,,,,,,,,,3353.8,2330.0,2348.4,1849.6,2122.5,2149.9,2041.2,2166.3,2470.0,2530.0,
Agricultural Production Foodgrains Coarse Cereals Volume Maharashtra,"Annual, Ending mar Of Each Year",Ton th,,,,,,,,,,,,4750.0,5696.7,6087.0,6141.0,7093.0,5971.6,6293.3,6959.0,6120.0,4360.0,
Agricultural Production Foodgrains Coarse Cereals Volume Manipur,"Annual, Ending mar Of Each Year",Ton th,,,,,,,,10.7,10.9,10.1,8.5,7.5,8.9,7.9,7.9,8.4,11.5,,,,,
Agricultural Production Foodgrains Coarse Cereals Volume Meghalaya,"Annual, Ending mar Of Each Year",Ton th,,,,,,,,26.4,26.6,27.4,28.2,28.1,26.3,26.4,27.2,27.4,27.8,,,,,
Agricultural Production Foodgrains Coarse Cereals Volume Mizoram,"Annual, Ending mar Of Each Year",Ton th,,,,,,,,9.9,16.4,16.7,14.9,20.3,15.7,22.7,21.0,0.7,9.3,,,,,
Agricultural Production Foodgrains Coarse Cereals Volume Nagaland,"Annual, Ending mar Of Each Year",Ton th,,,,,,,,52.1,61.6,73.4,118.0,108.3,105.5,120.1,126.4,139.4,127.3,,,,,
Agricultural Production Foodgrains Coarse Cereals Volume Orissa,"Annual, Ending mar Of Each Year",Ton th,,,,,,,,,,,,143.0,169.1,159.9,162.4,210.4,191.7,230.4,364.0,260.0,290.0,
Agricultural Production Foodgrains Coarse Cereals Volume Punjab,"Annual, Ending mar Of Each Year",Ton th,,,,,,,,,,,,545.0,504.0,472.0,552.0,583.1,575.1,527.1,540.0,550.0,530.0,
Agricultural Production Foodgrains Coarse Cereals Volume Rajasthan,"Annual, Ending mar Of Each Year",Ton th,,,,,,,,,,,,9674.8,4956.4,4528.6,5501.9,7121.4,7325.7,3907.2,7995.5,7460.0,6910.0,
Agricultural Production Foodgrains Coarse Cereals Volume Sikkim,"Annual, Ending mar Of Each Year",Ton th,,,,,,,,60.8,66.5,61.0,59.9,63.8,67.4,63.7,63.7,72.6,66.2,,,,,
Agricultural Production Foodgrains Coarse Cereals Volume Tamil Nadu,"Annual, Ending mar Of Each Year",Ton th,,,,,,,,,,,,983.0,868.0,730.2,1361.9,1357.1,1755.1,1642.0,1878.2,2320.0,1650.0,
Agricultural Production Foodgrains Coarse Cereals Volume Tripura,"Annual, Ending mar Of Each Year",Ton th,,,,,,,,1.0,1.6,2.1,2.2,2.2,3.0,2.2,2.4,2.1,2.0,,,,,
Agricultural Production Foodgrains Coarse Cereals Volume Union Territories,"Annual, Ending mar Of Each Year",Ton th,,,,,,,,3.2,8.2,12.6,10.7,13.0,20.0,17.5,17.8,16.0,19.0,,,,,
Agricultural Production Foodgrains Coarse Cereals Volume Uttar Pradesh,"Annual, Ending mar Of Each Year",Ton th,,,,,,,,,,,,3260.7,3391.8,2971.2,3084.4,3058.9,3080.2,2968.8,3216.6,3570.0,3690.0,
Agricultural Production Foodgrains Coarse Cereals Volume Uttaranchal,"Annual, Ending mar Of Each Year",Ton th,,,,,,,,,,,,381.0,358.0,323.0,344.0,339.0,347.0,297.0,334.0,330.0,340.0,
Agricultural Production Foodgrains Coarse Cereals Volume West Bengal,"Annual, Ending mar Of Each Year",Ton th,,,,,,,,,,,,150.0,162.0,150.3,274.7,265.8,365.4,404.0,407.9,380.0,630.0,
Agricultural Production Foodgrains Coarse Cereals Yield Andhra Pradesh,"Annual, Ending mar Of Each Year",kg/ha,,,,,,,,,,,,2139.0,2026.0,2772.0,2305.0,3336.0,3713.0,2586.0,3895.0,3384.0,3858.0,
Agricultural Production Foodgrains Coarse Cereals Yield Bihar,"Annual, Ending mar Of Each Year",kg/ha,,,,,,,,,,,,2275.0,2293.0,2021.0,2555.0,2185.0,2577.0,2277.0,2145.0,2324.0,3292.0,
Agricultural Production Foodgrains Coarse Cereals Yield Chhattisgarh,"Annual, Ending mar Of Each Year",kg/ha,,,,,,,,,,,,618.0,535.0,460.0,537.0,712.0,657.0,669.0,821.0,778.0,923.0,
Agricultural Production Foodgrains Coarse Cereals Yield Gujarat,"Annual, Ending mar Of Each Year",kg/ha,,,,,,,,,,,,1492.0,1083.0,1142.0,928.0,1373.0,1371.0,1140.0,1355.0,1403.0,1656.0,
Agricultural Production Foodgrains Coarse Cereals Yield Haryana,"Annual, Ending mar Of Each Year",kg/ha,,,,,,,,,,,,1494.0,1249.0,1124.0,1567.0,1762.0,1760.0,1592.0,1756.0,2014.0,1923.0,
Agricultural Production Foodgrains Coarse Cereals Yield Himachal Pradesh,"Annual, Ending mar Of Each Year",kg/ha,,,,,,,,,,,,2298.0,2170.0,1715.0,2180.0,2689.0,2166.0,1737.0,2121.0,2344.0,2161.0,
Agricultural Production Foodgrains Coarse Cereals Yield Jammu and Kashmir,"Annual, Ending mar Of Each Year",kg/ha,,,,,,,,,,,,1557.0,1437.0,1344.0,1396.0,1440.0,1819.0,1438.0,1571.0,1514.0,1543.0,
Agricultural Production Foodgrains Coarse Cereals Yield Jharkhand,"Annual, Ending mar Of Each Year",kg/ha,,,,,,,,,,,,1390.0,1291.0,1165.0,1126.0,1349.0,1266.0,1043.0,1120.0,1435.0,1640.0,
Agricultural Production Foodgrains Coarse Cereals Yield Karnataka,"Annual, Ending mar Of Each Year",kg/ha,,,,,,,,,,,,943.0,1530.0,1693.0,1481.0,1829.0,1742.0,1591.0,2151.0,1957.0,1713.0,
Agricultural Production Foodgrains Coarse Cereals Yield Madhya Pradesh,"Annual, Ending mar Of Each Year",kg/ha,,,,,,,,,,,,1446.0,1062.0,1150.0,918.0,1082.0,1140.0,1136.0,1233.0,1395.0,1543.0,
Agricultural Production Foodgrains Coarse Cereals Yield Maharashtra,"Annual, Ending mar Of Each Year",kg/ha,,,,,,,,,,,,797.0,820.0,887.0,895.0,1122.0,1031.0,1017.0,1186.0,1177.0,930.0,
Agricultural Production Foodgrains Coarse Cereals Yield Orissa,"Annual, Ending mar Of Each Year",kg/ha,,,,,,,,,,,,856.0,933.0,968.0,1025.0,1219.0,1180.0,1357.0,1714.0,1368.0,1611.0,
Agricultural Production Foodgrains Coarse Cereals Yield Punjab,"Annual, Ending mar Of Each Year",kg/ha,,,,,,,,,,,,2904.0,2714.0,2697.0,3033.0,3311.0,3284.0,3315.0,3600.0,3929.0,3533.0,
Agricultural Production Foodgrains Coarse Cereals Yield Rajasthan,"Annual, Ending mar Of Each Year",kg/ha,,,,,,,,,,,,1224.0,778.0,669.0,807.0,1015.0,1031.0,541.0,1051.0,1080.0,1156.0,
Agricultural Production Foodgrains Coarse Cereals Yield Tamil Nadu,"Annual, Ending mar Of Each Year",kg/ha,,,,,,,,,,,,1095.0,1054.0,985.0,1951.0,1943.0,2424.0,2516.0,2476.0,3625.0,2357.0,
Agricultural Production Foodgrains Coarse Cereals Yield Uttar Pradesh,"Annual, Ending mar Of Each Year",kg/ha,,,,,,,,,,,,1366.0,1577.0,1383.0,1404.0,1454.0,1550.0,1541.0,1563.0,1759.0,1845.0,
Agricultural Production Foodgrains Coarse Cereals Yield Uttaranchal,"Annual, Ending mar Of Each Year",kg/ha,,,,,,,,,,,,1274.0,1222.0,1188.0,1318.0,1319.0,1280.0,1160.0,1328.0,1320.0,1360.0,
Agricultural Production Foodgrains Coarse Cereals Yield West Bengal,"Annual, Ending mar Of Each Year",kg/ha,,,,,,,,,,,,1905.0,2443.0,2132.0,2589.0,2729.0,3319.0,3531.0,3700.0,3455.0,5250.0,
